Session Title,DM in ICD10 and HbA1c 6.5+ by County Age 2023,,,
Session ID,2775290,,,
Data Model,Patients,,,
Population Base,All Patients,,,
Population Criteria Filters: These criteria are a summary and do not fully reflect the content of the exported session.,State of Residence (U.S.): States WA_WY,Has Any Encounters?,Base Patient,
Session Date Range,1/1/2023 - 12/31/2023,,,
Export User,Stephanie Perniciaro,,,
Date of Export,11/11/2025,,,
,,,,
,,,,
,Measures,A1c 6.5+ (%),DM (%),Number of Patients
Age at Encounter in Years,County of Residence,,,
Less than 18 Years,"CLAY, WV",-,-,518
,"DODDRIDGE, WV",-,-,686
,"TYLER, WV",-,-,965
,"WETZEL, WV",0.64%,0.68%,2486
,"BRAXTON, WV",-,0.89%,1348
,"PLEASANTS, WV",-,-,586
,"LEWIS, WV",-,0.55%,2015
,"WIRT, WV",-,-,513
,"HARRISON, WV",0.48%,0.61%,11248
,"UPSHUR, WV",0.44%,0.56%,3414
,"WOOD, WV",0.44%,0.60%,9896
,"MENOMINEE, WI",-,-,649
,"RITCHIE, WV",-,-,944
,"POCAHONTAS, WV",-,-,232
,"NICHOLAS, WV",0.95%,1.42%,1903
,"TAYLOR, WV",-,-,1718
,"BARBOUR, WV",-,1.05%,1240
,"MARSHALL, WV",-,0.39%,4634
,"BROOKE, WV",-,-,1409
,"WAUSHARA, WI",-,0.85%,1411
,"ROANE, WV",-,-,349
,"MINERAL, WV",0.60%,0.81%,2825
,"MARQUETTE, WI",-,-,889
,"CALHOUN, WV",-,-,294
,"JACKSON, WV",0.26%,0.43%,4225
,"MARION, WV",0.41%,0.50%,8680
,"SAWYER, WI",-,-,1578
,"WASHBURN, WI",-,-,1241
,"GILMER, WV",-,-,390
,"WEBSTER, WV",-,-,491
,"GRAYS HARBOR, WA",-,-,65
,"ADAMS, WI",-,-,1121
,"BAYFIELD, WI",-,-,1232
,"SHEBOYGAN, WI",0.31%,0.39%,18776
,"ROCK, WI",0.46%,0.68%,19344
,"WAHKIAKUM, WA",-,-,214
,"RUSK, WI",-,-,797
,"OHIO, WV",-,0.31%,6361
,"DODGE, WI",0.78%,0.99%,6953
,"LARAMIE, WY",0.45%,0.62%,13508
,"DOUGLAS, WI",0.39%,0.53%,5899
,"MINGO, WV",-,-,558
,"MANITOWOC, WI",0.38%,0.48%,10815
,"JEFFERSON, WV",0.37%,0.56%,8697
,"WALWORTH, WI",0.38%,0.45%,13807
,"GRANT, WA",0.16%,0.35%,9712
,"ASHLAND, WI",-,-,1628
,"MONROE, WI",0.51%,0.58%,5531
,"FOREST, WI",-,-,187
,"BERKELEY, WV",0.38%,0.54%,20502
,"COLUMBIA, WI",0.49%,0.94%,4468
,"PEPIN, WI",-,-,475
,"PRESTON, WV",0.49%,0.70%,3450
,"PIERCE, WI",0.72%,0.72%,1675
,"POLK, WI",-,-,657
,"DOUGLAS, WA",0.32%,0.47%,6528
,"CRAWFORD, WI",-,-,1377
,"WAYNE, WV",-,0.47%,3858
,"MILWAUKEE, WI",0.38%,0.46%,147860
,"OKANOGAN, WA",-,-,4821
,"GREEN LAKE, WI",1.41%,1.61%,991
,"GREEN, WI",0.66%,1.21%,2559
,"PENDLETON, WV",-,-,390
,"JEFFERSON, WI",0.82%,1.20%,5254
,"KENOSHA, WI",0.44%,0.46%,25616
,"VILAS, WI",-,-,101
,"CHELAN, WA",0.19%,0.34%,10392
,"OCONTO, WI",0.48%,0.55%,6191
,"TREMPEALEAU, WI",0.30%,0.35%,4036
,"RACINE, WI",0.50%,0.57%,24313
,"BURNETT, WI",-,-,488
,"MARINETTE, WI",0.43%,0.50%,6796
,"BUFFALO, WI",-,0.94%,1176
,"FAYETTE, WV",-,1.18%,932
,"FERRY, WA",-,-,26
,"RANDOLPH, WV",1.49%,2.15%,1211
,"LINCOLN, WY",-,-,1561
,"KITTITAS, WA",-,-,749
,"MORGAN, WV",-,-,1591
,"SHAWANO, WI",0.31%,0.52%,3495
,"VERNON, WI",0.45%,0.50%,3571
,"KEWAUNEE, WI",-,-,3471
,"PLATTE, WY",-,-,260
,"LA CROSSE, WI",0.29%,0.33%,15550
,"WINNEBAGO, WI",0.54%,0.67%,14183
,"DOOR, WI",-,-,1743
,"ADAMS, WA",-,-,530
,"IRON, WI",-,-,259
,"SKAGIT, WA",0.12%,0.24%,12716
,"LOGAN, WV",-,-,379
,"COWLITZ, WA",1.16%,1.34%,6131
,"ASOTIN, WA",-,-,18
,"JUNEAU, WI",0.58%,0.92%,2062
,"TUCKER, WV",-,-,347
,"MONONGALIA, WV",0.39%,0.51%,12941
,"WASHINGTON, WI",0.57%,0.62%,15366
,"FOND DU LAC, WI",0.79%,1.03%,7366
,"GRANT, WV",-,-,743
,"GOSHEN, WY",-,-,208
,"LANGLADE, WI",-,-,266
,"SAINT CROIX, WI",-,-,1425
,"LINCOLN, WA",-,-,51
,"YAKIMA, WA",0.14%,0.36%,9447
,"SWEETWATER, WY",-,-,729
,"GRANT, WI",0.78%,0.98%,2442
,"LINCOLN, WV",-,-,805
,"PACIFIC, WA",-,-,370
,"ISLAND, WA",-,-,1552
,"MASON, WV",-,-,1294
,"FRANKLIN, WA",-,-,115
,"CHIPPEWA, WI",0.29%,0.37%,4879
,"WOOD, WI",-,-,847
,"BROWN, WI",0.31%,0.39%,53993
,"WESTON, WY",-,-,404
,"IOWA, WI",-,1.45%,1172
,"OZAUKEE, WI",0.33%,0.36%,14595
,"NIOBRARA, WY",-,-,17
,"EAU CLAIRE, WI",0.29%,0.55%,7309
,"MCDOWELL, WV",-,-,489
,"DANE, WI",0.33%,0.45%,76448
,"CABELL, WV",0.15%,0.34%,7907
,"ALBANY, WY",-,0.45%,3109
,"KING, WA",0.09%,0.24%,76082
,"WAUPACA, WI",1.19%,1.61%,2354
,"CARBON, WY",-,-,509
,"CALUMET, WI",0.61%,0.88%,3417
,"CLALLAM, WA",-,-,52
,"SAUK, WI",0.89%,1.56%,2370
,"ONEIDA, WI",-,-,209
,"HARDY, WV",-,-,663
,"GREENBRIER, WV",-,-,481
,"SPOKANE, WA",-,-,341
,"WAUKESHA, WI",0.44%,0.50%,50461
,"STEVENS, WA",-,-,23
,"CAMPBELL, WY",-,3.26%,399
,"RALEIGH, WV",-,-,909
,"LEWIS, WA",-,-,366
,"TAYLOR, WI",-,-,148
,"PIERCE, WA",-,0.38%,4436
,"JACKSON, WI",0.76%,0.89%,1577
,"RICHLAND, WI",-,1.15%,953
,"LAFAYETTE, WI",-,-,866
,"WHATCOM, WA",-,0.37%,4362
,"BARRON, WI",-,-,1712
,"OUTAGAMIE, WI",0.86%,1.16%,13668
,"SNOHOMISH, WA",-,0.18%,16473
,"MASON, WA",-,-,74
,"MERCER, WV",-,0.35%,4797
,"DUNN, WI",-,-,1436
,"CLARK, WI",-,-,575
,"FLORENCE, WI",-,-,284
,"HANCOCK, WV",-,-,1677
,"BENTON, WA",-,-,269
,"HAMPSHIRE, WV",0.86%,1.01%,1392
,"JOHNSON, WY",-,-,51
,"WALLA WALLA, WA",-,-,71
,"PARK, WY",-,-,1198
,"NATRONA, WY",-,-,664
,"PUTNAM, WV",-,0.45%,2690
,"SUMMERS, WV",-,-,187
,"FREMONT, WY",-,-,453
,"UINTA, WY",-,-,1240
,"CONVERSE, WY",-,-,115
,"PORTAGE, WI",-,1.02%,1076
,"SUBLETTE, WY",-,-,98
,"WASHAKIE, WY",-,-,101
,"SHERIDAN, WY",-,-,203
,"CLARK, WA",0.71%,0.82%,39390
,"WHITMAN, WA",-,-,47
,"PRICE, WI",-,-,169
,"HOT SPRINGS, WY",-,-,35
,"LINCOLN, WI",-,-,287
,"BIG HORN, WY",-,-,255
,"CROOK, WY",-,-,301
,"JEFFERSON, WA",-,-,19
,"KLICKITAT, WA",0.84%,1.08%,1659
,"GARFIELD, WA",-,-,10 or fewer
,"THURSTON, WA",-,-,714
,"WYOMING, WV",-,-,398
,"KITSAP, WA",-,-,427
,"SAN JUAN, WA",-,-,118
,"KANAWHA, WV",0.31%,0.47%,4882
,"SKAMANIA, WA",-,-,891
,"MONROE, WV",-,-,360
,"BOONE, WV",-,-,495
,"MARATHON, WI",-,0.93%,1725
,"COLUMBIA, WA",-,-,10 or fewer
,"PEND OREILLE, WA",-,-,11
,"TETON, WY",-,-,202
,None of the above,0.16%,0.25%,58940
,Total,0.38%,0.51%,1087841
≥ 18 and < 25 Years,"CLAY, WV",-,-,284
,"DODDRIDGE, WV",-,-,275
,"TYLER, WV",-,-,305
,"WETZEL, WV",2.29%,3.25%,831
,"BRAXTON, WV",2.07%,2.58%,581
,"PLEASANTS, WV",-,-,240
,"LEWIS, WV",2.16%,2.16%,741
,"WIRT, WV",-,-,226
,"HARRISON, WV",1.27%,1.75%,4001
,"UPSHUR, WV",1.56%,2.34%,1410
,"WOOD, WV",1.71%,2.72%,4222
,"MENOMINEE, WI",-,-,162
,"RITCHIE, WV",-,3.13%,351
,"POCAHONTAS, WV",-,-,141
,"NICHOLAS, WV",1.85%,3.12%,866
,"TAYLOR, WV",2.21%,3.54%,678
,"BARBOUR, WV",-,2.64%,493
,"MARSHALL, WV",1.01%,1.65%,1579
,"BROOKE, WV",-,3.79%,501
,"WAUSHARA, WI",-,-,415
,"ROANE, WV",-,-,164
,"MINERAL, WV",1.24%,2.09%,1052
,"MARQUETTE, WI",-,-,343
,"CALHOUN, WV",-,-,126
,"JACKSON, WV",1.66%,2.57%,1442
,"MARION, WV",1.42%,2.38%,3230
,"SAWYER, WI",2.18%,2.91%,550
,"WASHBURN, WI",2.36%,2.79%,466
,"GILMER, WV",-,-,157
,"WEBSTER, WV",-,-,239
,"GRAYS HARBOR, WA",-,-,91
,"ADAMS, WI",-,-,419
,"BAYFIELD, WI",-,-,399
,"SHEBOYGAN, WI",1.34%,1.76%,6816
,"ROCK, WI",1.55%,2.22%,7242
,"WAHKIAKUM, WA",-,-,100
,"RUSK, WI",-,-,241
,"OHIO, WV",1.13%,1.95%,2203
,"DODGE, WI",1.20%,1.49%,2410
,"LARAMIE, WY",1.23%,1.85%,3736
,"DOUGLAS, WI",1.43%,1.89%,2440
,"MINGO, WV",-,-,327
,"MANITOWOC, WI",1.58%,2.08%,3855
,"JEFFERSON, WV",1.46%,1.86%,3015
,"WALWORTH, WI",1.00%,1.34%,5391
,"GRANT, WA",1.41%,1.82%,2915
,"ASHLAND, WI",-,2.13%,609
,"MONROE, WI",1.30%,1.83%,1695
,"FOREST, WI",-,-,62
,"BERKELEY, WV",1.49%,2.29%,7034
,"COLUMBIA, WI",1.48%,2.42%,1820
,"PEPIN, WI",-,-,156
,"PRESTON, WV",1.66%,2.35%,1022
,"PIERCE, WI",1.52%,1.90%,790
,"POLK, WI",-,-,331
,"DOUGLAS, WA",1.23%,1.72%,2036
,"CRAWFORD, WI",-,-,566
,"WAYNE, WV",1.67%,2.13%,1079
,"MILWAUKEE, WI",1.47%,1.88%,42859
,"OKANOGAN, WA",1.00%,1.38%,1306
,"GREEN LAKE, WI",-,-,333
,"GREEN, WI",-,1.28%,1018
,"PENDLETON, WV",-,-,145
,"JEFFERSON, WI",1.76%,2.62%,1986
,"KENOSHA, WI",1.35%,1.64%,7787
,"VILAS, WI",-,-,70
,"CHELAN, WA",1.03%,1.70%,3597
,"OCONTO, WI",1.25%,1.77%,1918
,"TREMPEALEAU, WI",1.33%,1.62%,1357
,"RACINE, WI",1.55%,1.98%,7820
,"BURNETT, WI",-,-,204
,"MARINETTE, WI",1.17%,1.66%,2227
,"BUFFALO, WI",-,-,442
,"FAYETTE, WV",-,3.79%,317
,"FERRY, WA",-,-,10 or fewer
,"RANDOLPH, WV",1.88%,2.73%,586
,"LINCOLN, WY",-,-,403
,"KITTITAS, WA",-,-,465
,"MORGAN, WV",-,-,573
,"SHAWANO, WI",-,1.25%,1201
,"VERNON, WI",1.18%,1.69%,1183
,"KEWAUNEE, WI",0.98%,1.34%,1122
,"PLATTE, WY",-,-,73
,"LA CROSSE, WI",1.03%,1.23%,6964
,"WINNEBAGO, WI",1.29%,1.86%,5952
,"DOOR, WI",1.36%,1.60%,810
,"ADAMS, WA",-,-,159
,"IRON, WI",-,-,77
,"SKAGIT, WA",1.03%,1.52%,4870
,"LOGAN, WV",-,-,171
,"COWLITZ, WA",2.13%,2.90%,2208
,"ASOTIN, WA",-,-,20
,"JUNEAU, WI",-,2.14%,700
,"TUCKER, WV",-,-,123
,"MONONGALIA, WV",1.13%,1.69%,6962
,"WASHINGTON, WI",1.23%,1.39%,5185
,"FOND DU LAC, WI",1.20%,1.87%,2832
,"GRANT, WV",-,-,312
,"GOSHEN, WY",-,-,67
,"LANGLADE, WI",-,-,120
,"SAINT CROIX, WI",-,1.77%,677
,"LINCOLN, WA",-,-,24
,"YAKIMA, WA",0.98%,1.79%,1226
,"SWEETWATER, WY",-,-,264
,"GRANT, WI",1.57%,3.14%,1018
,"LINCOLN, WV",-,-,224
,"PACIFIC, WA",-,-,176
,"ISLAND, WA",1.71%,2.85%,876
,"MASON, WV",-,-,343
,"FRANKLIN, WA",-,-,81
,"CHIPPEWA, WI",1.13%,1.72%,1856
,"WOOD, WI",-,-,346
,"BROWN, WI",0.97%,1.31%,19340
,"WESTON, WY",-,-,87
,"IOWA, WI",-,3.51%,456
,"OZAUKEE, WI",1.00%,1.18%,3911
,"NIOBRARA, WY",-,-,10 or fewer
,"EAU CLAIRE, WI",1.17%,1.50%,2995
,"MCDOWELL, WV",-,-,200
,"DANE, WI",1.02%,1.34%,39708
,"CABELL, WV",0.69%,1.31%,2592
,"ALBANY, WY",1.31%,2.13%,1600
,"KING, WA",0.76%,1.21%,40039
,"WAUPACA, WI",1.82%,2.89%,658
,"CARBON, WY",-,-,176
,"CALUMET, WI",1.06%,1.96%,1226
,"CLALLAM, WA",-,-,77
,"SAUK, WI",2.15%,3.88%,929
,"ONEIDA, WI",-,-,129
,"HARDY, WV",-,-,300
,"GREENBRIER, WV",-,-,208
,"SPOKANE, WA",-,-,458
,"WAUKESHA, WI",1.54%,1.80%,12305
,"STEVENS, WA",-,-,24
,"CAMPBELL, WY",-,-,181
,"RALEIGH, WV",-,3.86%,414
,"LEWIS, WA",-,-,178
,"TAYLOR, WI",-,-,79
,"PIERCE, WA",0.81%,1.21%,2727
,"JACKSON, WI",-,-,534
,"RICHLAND, WI",-,-,408
,"LAFAYETTE, WI",-,-,226
,"WHATCOM, WA",0.78%,1.36%,3090
,"BARRON, WI",-,2.29%,568
,"OUTAGAMIE, WI",1.41%,2.11%,5019
,"SNOHOMISH, WA",0.79%,1.40%,7869
,"MASON, WA",-,-,94
,"MERCER, WV",0.59%,1.61%,2049
,"DUNN, WI",-,-,1143
,"CLARK, WI",-,-,225
,"FLORENCE, WI",-,-,97
,"HANCOCK, WV",-,3.26%,337
,"BENTON, WA",-,-,218
,"HAMPSHIRE, WV",-,-,517
,"JOHNSON, WY",-,-,27
,"WALLA WALLA, WA",-,-,57
,"PARK, WY",-,2.10%,524
,"NATRONA, WY",-,-,234
,"PUTNAM, WV",-,1.65%,787
,"SUMMERS, WV",-,-,69
,"FREMONT, WY",-,-,116
,"UINTA, WY",-,-,263
,"CONVERSE, WY",-,-,44
,"PORTAGE, WI",-,3.13%,447
,"SUBLETTE, WY",-,-,38
,"WASHAKIE, WY",-,-,35
,"SHERIDAN, WY",-,-,109
,"CLARK, WA",1.44%,2.19%,11324
,"WHITMAN, WA",-,-,152
,"PRICE, WI",-,-,94
,"HOT SPRINGS, WY",-,-,18
,"LINCOLN, WI",-,-,102
,"BIG HORN, WY",-,-,106
,"CROOK, WY",-,-,93
,"JEFFERSON, WA",-,-,29
,"KLICKITAT, WA",2.53%,3.23%,434
,"GARFIELD, WA",-,-,10 or fewer
,"THURSTON, WA",-,-,632
,"WYOMING, WV",-,-,135
,"KITSAP, WA",-,-,536
,"SAN JUAN, WA",-,-,68
,"KANAWHA, WV",0.95%,2.01%,1691
,"SKAMANIA, WA",-,-,204
,"MONROE, WV",-,-,128
,"BOONE, WV",-,-,124
,"MARATHON, WI",-,-,692
,"COLUMBIA, WA",-,-,10 or fewer
,"PEND OREILLE, WA",-,-,10 or fewer
,"TETON, WY",-,-,114
,None of the above,0.58%,0.94%,19548
,Total,1.19%,1.70%,400895
≥ 25 and < 35 Years,"CLAY, WV",4.58%,6.11%,393
,"DODDRIDGE, WV",5.51%,6.89%,363
,"TYLER, WV",3.88%,5.71%,438
,"WETZEL, WV",4.01%,6.06%,1172
,"BRAXTON, WV",3.91%,4.91%,896
,"PLEASANTS, WV",7.27%,8.79%,330
,"LEWIS, WV",5.42%,6.45%,1162
,"WIRT, WV",-,4.71%,276
,"HARRISON, WV",3.41%,4.93%,5716
,"UPSHUR, WV",2.40%,3.14%,1876
,"WOOD, WV",2.81%,4.78%,6259
,"MENOMINEE, WI",6.57%,8.06%,335
,"RITCHIE, WV",2.97%,5.57%,539
,"POCAHONTAS, WV",-,-,192
,"NICHOLAS, WV",2.99%,5.18%,1273
,"TAYLOR, WV",2.54%,5.31%,904
,"BARBOUR, WV",3.52%,4.65%,795
,"MARSHALL, WV",3.17%,5.40%,2239
,"BROOKE, WV",4.42%,7.61%,565
,"WAUSHARA, WI",2.20%,3.14%,636
,"ROANE, WV",-,5.69%,211
,"MINERAL, WV",2.98%,4.33%,1478
,"MARQUETTE, WI",-,2.78%,467
,"CALHOUN, WV",-,7.10%,183
,"JACKSON, WV",2.63%,4.94%,1864
,"MARION, WV",2.48%,3.97%,4882
,"SAWYER, WI",3.22%,4.03%,745
,"WASHBURN, WI",2.23%,3.09%,582
,"GILMER, WV",-,5.26%,228
,"WEBSTER, WV",-,4.01%,324
,"GRAYS HARBOR, WA",-,-,141
,"ADAMS, WI",3.28%,4.43%,609
,"BAYFIELD, WI",-,2.39%,627
,"SHEBOYGAN, WI",2.39%,3.24%,10258
,"ROCK, WI",2.47%,3.69%,10654
,"WAHKIAKUM, WA",-,-,139
,"RUSK, WI",-,-,379
,"OHIO, WV",2.22%,3.78%,3018
,"DODGE, WI",2.63%,3.31%,3237
,"LARAMIE, WY",2.02%,3.10%,6092
,"DOUGLAS, WI",1.99%,2.96%,3720
,"MINGO, WV",2.82%,5.90%,390
,"MANITOWOC, WI",2.34%,3.15%,6057
,"JEFFERSON, WV",2.31%,3.26%,4075
,"WALWORTH, WI",2.04%,2.75%,6762
,"GRANT, WA",2.76%,3.79%,4351
,"ASHLAND, WI",2.41%,3.39%,914
,"MONROE, WI",2.06%,3.07%,2675
,"FOREST, WI",-,-,102
,"BERKELEY, WV",2.16%,3.79%,11622
,"COLUMBIA, WI",2.73%,3.49%,2636
,"PEPIN, WI",-,4.23%,260
,"PRESTON, WV",2.70%,4.22%,1706
,"PIERCE, WI",3.36%,4.68%,684
,"POLK, WI",3.61%,5.05%,416
,"DOUGLAS, WA",1.92%,3.04%,3288
,"CRAWFORD, WI",2.52%,3.19%,753
,"WAYNE, WV",2.88%,4.75%,1390
,"MILWAUKEE, WI",2.73%,3.75%,64499
,"OKANOGAN, WA",1.96%,3.22%,1985
,"GREEN LAKE, WI",-,3.77%,451
,"GREEN, WI",1.81%,2.60%,1382
,"PENDLETON, WV",-,5.02%,219
,"JEFFERSON, WI",1.88%,2.83%,2932
,"KENOSHA, WI",2.77%,3.43%,10730
,"VILAS, WI",-,-,80
,"CHELAN, WA",2.31%,3.47%,5620
,"OCONTO, WI",1.85%,3.13%,2811
,"TREMPEALEAU, WI",1.51%,2.12%,1981
,"RACINE, WI",2.17%,3.01%,11854
,"BURNETT, WI",-,4.68%,299
,"MARINETTE, WI",2.08%,3.35%,3370
,"BUFFALO, WI",-,2.32%,560
,"FAYETTE, WV",-,4.64%,388
,"FERRY, WA",-,-,18
,"RANDOLPH, WV",3.75%,5.80%,880
,"LINCOLN, WY",-,2.17%,600
,"KITTITAS, WA",3.75%,4.65%,774
,"MORGAN, WV",2.54%,3.87%,827
,"SHAWANO, WI",2.57%,3.91%,1791
,"VERNON, WI",2.33%,3.02%,1591
,"KEWAUNEE, WI",1.87%,2.86%,1501
,"PLATTE, WY",-,-,112
,"LA CROSSE, WI",1.89%,2.40%,9383
,"WINNEBAGO, WI",1.91%,2.64%,9069
,"DOOR, WI",2.07%,2.65%,1207
,"ADAMS, WA",-,-,261
,"IRON, WI",-,-,113
,"SKAGIT, WA",2.17%,3.38%,7787
,"LOGAN, WV",-,-,194
,"COWLITZ, WA",2.63%,3.93%,4070
,"ASOTIN, WA",-,-,14
,"JUNEAU, WI",3.21%,4.35%,1058
,"TUCKER, WV",-,6.14%,228
,"MONONGALIA, WV",2.13%,3.02%,9442
,"WASHINGTON, WI",1.41%,2.10%,6327
,"FOND DU LAC, WI",2.19%,2.93%,3922
,"GRANT, WV",-,4.35%,529
,"GOSHEN, WY",-,-,88
,"LANGLADE, WI",-,-,140
,"SAINT CROIX, WI",1.72%,3.07%,814
,"LINCOLN, WA",-,-,34
,"YAKIMA, WA",3.21%,4.81%,1435
,"SWEETWATER, WY",4.77%,7.54%,398
,"GRANT, WI",2.73%,3.95%,1392
,"LINCOLN, WV",-,3.78%,291
,"PACIFIC, WA",-,-,298
,"ISLAND, WA",1.71%,2.94%,1872
,"MASON, WV",-,3.92%,383
,"FRANKLIN, WA",-,-,94
,"CHIPPEWA, WI",2.20%,3.28%,2687
,"WOOD, WI",-,4.77%,398
,"BROWN, WI",2.06%,3.22%,27926
,"WESTON, WY",-,-,131
,"IOWA, WI",2.24%,2.64%,759
,"OZAUKEE, WI",1.46%,1.84%,4736
,"NIOBRARA, WY",-,-,10 or fewer
,"EAU CLAIRE, WI",1.91%,2.85%,4075
,"MCDOWELL, WV",-,5.17%,329
,"DANE, WI",1.77%,2.41%,60519
,"CABELL, WV",1.79%,3.06%,3625
,"ALBANY, WY",2.08%,2.55%,1728
,"KING, WA",1.52%,2.22%,87242
,"WAUPACA, WI",2.62%,4.25%,1107
,"CARBON, WY",-,-,312
,"CALUMET, WI",1.89%,2.81%,1745
,"CLALLAM, WA",-,-,127
,"SAUK, WI",2.11%,3.32%,1564
,"ONEIDA, WI",-,-,129
,"HARDY, WV",-,3.70%,432
,"GREENBRIER, WV",-,-,217
,"SPOKANE, WA",2.85%,4.28%,491
,"WAUKESHA, WI",1.63%,2.20%,14874
,"STEVENS, WA",-,-,34
,"CAMPBELL, WY",-,6.61%,227
,"RALEIGH, WV",3.70%,6.24%,433
,"LEWIS, WA",-,4.01%,324
,"TAYLOR, WI",-,-,111
,"PIERCE, WA",2.15%,3.43%,6058
,"JACKSON, WI",1.48%,2.55%,943
,"RICHLAND, WI",-,2.42%,496
,"LAFAYETTE, WI",-,-,367
,"WHATCOM, WA",1.94%,2.88%,4337
,"BARRON, WI",2.18%,3.28%,824
,"OUTAGAMIE, WI",1.63%,2.58%,7667
,"SNOHOMISH, WA",1.37%,2.42%,18772
,"MASON, WA",-,-,176
,"MERCER, WV",1.24%,3.16%,2910
,"DUNN, WI",1.83%,4.11%,876
,"CLARK, WI",-,-,332
,"FLORENCE, WI",-,-,130
,"HANCOCK, WV",-,4.52%,354
,"BENTON, WA",-,3.52%,369
,"HAMPSHIRE, WV",1.49%,4.19%,740
,"JOHNSON, WY",-,-,32
,"WALLA WALLA, WA",-,-,58
,"PARK, WY",1.36%,2.04%,883
,"NATRONA, WY",-,8.49%,212
,"PUTNAM, WV",1.35%,2.48%,886
,"SUMMERS, WV",-,-,94
,"FREMONT, WY",-,12.50%,144
,"UINTA, WY",4.39%,6.00%,433
,"CONVERSE, WY",-,-,49
,"PORTAGE, WI",3.09%,4.33%,485
,"SUBLETTE, WY",-,-,72
,"WASHAKIE, WY",-,-,43
,"SHERIDAN, WY",-,-,99
,"CLARK, WA",0.97%,2.45%,18689
,"WHITMAN, WA",-,-,109
,"PRICE, WI",-,-,159
,"HOT SPRINGS, WY",-,-,23
,"LINCOLN, WI",-,-,127
,"BIG HORN, WY",-,-,146
,"CROOK, WY",-,-,131
,"JEFFERSON, WA",-,-,54
,"KLICKITAT, WA",1.96%,3.80%,764
,"GARFIELD, WA",-,-,10 or fewer
,"THURSTON, WA",1.34%,1.84%,1196
,"WYOMING, WV",-,-,150
,"KITSAP, WA",-,1.87%,1018
,"SAN JUAN, WA",-,-,125
,"KANAWHA, WV",1.41%,3.58%,1842
,"SKAMANIA, WA",-,-,378
,"MONROE, WV",-,-,183
,"BOONE, WV",-,-,114
,"MARATHON, WI",-,3.14%,829
,"COLUMBIA, WA",-,-,10 or fewer
,"PEND OREILLE, WA",-,-,10 or fewer
,"TETON, WY",-,-,147
,None of the above,1.07%,1.74%,30987
,Total,2.01%,3.00%,624691
≥ 35 and < 45 Years,"CLAY, WV",10.71%,12.82%,476
,"DODDRIDGE, WV",9.05%,11.64%,464
,"TYLER, WV",8.26%,12.20%,533
,"WETZEL, WV",10.90%,14.41%,1110
,"BRAXTON, WV",8.69%,12.00%,967
,"PLEASANTS, WV",7.20%,10.67%,375
,"LEWIS, WV",11.40%,15.01%,1246
,"WIRT, WV",6.30%,9.59%,365
,"HARRISON, WV",8.35%,11.10%,6514
,"UPSHUR, WV",8.13%,10.71%,2128
,"WOOD, WV",7.16%,10.07%,6902
,"MENOMINEE, WI",13.27%,14.51%,324
,"RITCHIE, WV",6.23%,11.97%,610
,"POCAHONTAS, WV",7.32%,10.57%,246
,"NICHOLAS, WV",5.22%,10.44%,1609
,"TAYLOR, WV",7.96%,11.24%,1005
,"BARBOUR, WV",7.13%,11.64%,799
,"MARSHALL, WV",7.33%,10.42%,2332
,"BROOKE, WV",5.88%,9.75%,646
,"WAUSHARA, WI",6.42%,8.29%,748
,"ROANE, WV",6.67%,11.76%,255
,"MINERAL, WV",5.33%,9.44%,1558
,"MARQUETTE, WI",3.33%,5.14%,661
,"CALHOUN, WV",5.24%,8.24%,267
,"JACKSON, WV",6.41%,10.78%,2153
,"MARION, WV",6.53%,9.59%,4888
,"SAWYER, WI",6.24%,9.21%,945
,"WASHBURN, WI",4.81%,6.50%,769
,"GILMER, WV",5.10%,10.20%,255
,"WEBSTER, WV",6.77%,14.29%,399
,"GRAYS HARBOR, WA",-,7.89%,152
,"ADAMS, WI",5.90%,9.14%,678
,"BAYFIELD, WI",5.81%,7.56%,860
,"SHEBOYGAN, WI",5.50%,7.30%,11319
,"ROCK, WI",6.76%,8.69%,11102
,"WAHKIAKUM, WA",-,7.32%,164
,"RUSK, WI",6.83%,7.71%,454
,"OHIO, WV",5.08%,7.98%,3783
,"DODGE, WI",5.72%,7.48%,3757
,"LARAMIE, WY",5.66%,8.03%,6449
,"DOUGLAS, WI",5.23%,7.36%,3902
,"MINGO, WV",4.48%,9.94%,513
,"MANITOWOC, WI",4.99%,6.65%,6707
,"JEFFERSON, WV",4.91%,7.05%,4993
,"WALWORTH, WI",5.33%,6.64%,7773
,"GRANT, WA",5.77%,7.45%,4683
,"ASHLAND, WI",5.01%,7.37%,1017
,"MONROE, WI",6.52%,8.26%,2931
,"FOREST, WI",11.70%,15.96%,94
,"BERKELEY, WV",5.41%,9.03%,12238
,"COLUMBIA, WI",4.88%,7.04%,3096
,"PEPIN, WI",3.46%,8.18%,318
,"PRESTON, WV",5.56%,8.87%,1815
,"PIERCE, WI",5.44%,6.67%,900
,"POLK, WI",3.67%,5.91%,491
,"DOUGLAS, WA",4.90%,6.91%,3530
,"CRAWFORD, WI",3.70%,6.54%,918
,"WAYNE, WV",7.41%,11.04%,1268
,"MILWAUKEE, WI",7.01%,9.49%,59725
,"OKANOGAN, WA",4.13%,5.98%,2543
,"GREEN LAKE, WI",5.21%,7.81%,461
,"GREEN, WI",5.07%,6.19%,1696
,"PENDLETON, WV",4.56%,9.51%,263
,"JEFFERSON, WI",4.94%,6.93%,3418
,"KENOSHA, WI",5.62%,7.32%,11202
,"VILAS, WI",-,-,93
,"CHELAN, WA",4.40%,6.16%,6683
,"OCONTO, WI",3.81%,5.97%,3621
,"TREMPEALEAU, WI",4.69%,6.19%,2131
,"RACINE, WI",5.21%,6.64%,12296
,"BURNETT, WI",4.62%,6.81%,411
,"MARINETTE, WI",4.97%,7.53%,3983
,"BUFFALO, WI",5.19%,7.35%,694
,"FAYETTE, WV",7.02%,13.66%,527
,"FERRY, WA",-,-,22
,"RANDOLPH, WV",4.46%,11.05%,986
,"LINCOLN, WY",2.90%,4.48%,759
,"KITTITAS, WA",4.75%,7.24%,842
,"MORGAN, WV",3.12%,6.79%,898
,"SHAWANO, WI",4.18%,6.50%,1985
,"VERNON, WI",3.98%,5.78%,2058
,"KEWAUNEE, WI",3.69%,5.93%,1923
,"PLATTE, WY",-,8.70%,138
,"LA CROSSE, WI",4.46%,5.68%,9517
,"WINNEBAGO, WI",4.80%,6.52%,8957
,"DOOR, WI",4.27%,5.37%,1545
,"ADAMS, WA",5.20%,8.40%,250
,"IRON, WI",8.57%,11.43%,140
,"SKAGIT, WA",4.22%,6.75%,7895
,"LOGAN, WV",6.11%,10.48%,229
,"COWLITZ, WA",6.22%,8.65%,4083
,"ASOTIN, WA",-,-,22
,"JUNEAU, WI",4.98%,8.37%,1266
,"TUCKER, WV",6.90%,10.73%,261
,"MONONGALIA, WV",4.70%,6.82%,8295
,"WASHINGTON, WI",3.65%,4.94%,7347
,"FOND DU LAC, WI",4.94%,6.51%,4207
,"GRANT, WV",5.81%,9.74%,534
,"GOSHEN, WY",8.33%,12.12%,132
,"LANGLADE, WI",-,9.87%,152
,"SAINT CROIX, WI",3.72%,5.91%,1049
,"LINCOLN, WA",-,-,58
,"YAKIMA, WA",8.07%,11.90%,1387
,"SWEETWATER, WY",5.14%,10.61%,622
,"GRANT, WI",3.75%,6.78%,1520
,"LINCOLN, WV",8.91%,10.56%,303
,"PACIFIC, WA",7.67%,11.08%,352
,"ISLAND, WA",3.40%,5.64%,2147
,"MASON, WV",4.91%,8.12%,468
,"FRANKLIN, WA",-,-,94
,"CHIPPEWA, WI",3.97%,5.60%,3249
,"WOOD, WI",5.19%,11.79%,424
,"BROWN, WI",4.49%,6.59%,29862
,"WESTON, WY",-,-,168
,"IOWA, WI",3.95%,6.29%,811
,"OZAUKEE, WI",3.20%,4.03%,6259
,"NIOBRARA, WY",-,-,23
,"EAU CLAIRE, WI",3.92%,5.70%,4282
,"MCDOWELL, WV",5.62%,11.25%,409
,"DANE, WI",3.72%,4.97%,57151
,"CABELL, WV",5.43%,8.88%,3481
,"ALBANY, WY",3.46%,5.27%,1822
,"KING, WA",3.83%,5.25%,84934
,"WAUPACA, WI",4.84%,7.53%,1116
,"CARBON, WY",-,4.90%,347
,"CALUMET, WI",4.80%,6.58%,1915
,"CLALLAM, WA",-,-,117
,"SAUK, WI",3.81%,6.82%,1731
,"ONEIDA, WI",-,10.61%,132
,"HARDY, WV",2.86%,5.93%,455
,"GREENBRIER, WV",4.91%,10.57%,265
,"SPOKANE, WA",3.19%,7.52%,439
,"WAUKESHA, WI",3.30%,4.25%,18115
,"STEVENS, WA",-,-,27
,"CAMPBELL, WY",5.42%,9.94%,332
,"RALEIGH, WV",4.44%,10.83%,563
,"LEWIS, WA",-,5.94%,303
,"TAYLOR, WI",-,-,105
,"PIERCE, WA",3.93%,5.84%,5783
,"JACKSON, WI",3.22%,6.36%,1148
,"RICHLAND, WI",3.26%,6.84%,614
,"LAFAYETTE, WI",-,5.28%,360
,"WHATCOM, WA",3.37%,5.59%,3742
,"BARRON, WI",3.84%,6.10%,885
,"OUTAGAMIE, WI",3.77%,5.94%,7935
,"SNOHOMISH, WA",3.20%,5.55%,19386
,"MASON, WA",-,-,148
,"MERCER, WV",2.61%,7.95%,3181
,"DUNN, WI",4.59%,6.01%,915
,"CLARK, WI",3.64%,5.32%,357
,"FLORENCE, WI",-,6.15%,179
,"HANCOCK, WV",4.77%,10.55%,398
,"BENTON, WA",-,5.98%,301
,"HAMPSHIRE, WV",2.65%,7.12%,829
,"JOHNSON, WY",-,-,23
,"WALLA WALLA, WA",-,-,91
,"PARK, WY",2.25%,4.49%,1069
,"NATRONA, WY",4.62%,7.56%,238
,"PUTNAM, WV",2.94%,5.88%,986
,"SUMMERS, WV",-,8.40%,131
,"FREMONT, WY",-,9.87%,233
,"UINTA, WY",2.57%,5.88%,544
,"CONVERSE, WY",-,-,65
,"PORTAGE, WI",4.72%,7.30%,466
,"SUBLETTE, WY",-,-,89
,"WASHAKIE, WY",-,-,63
,"SHERIDAN, WY",-,11.76%,102
,"CLARK, WA",2.53%,5.05%,18154
,"WHITMAN, WA",-,-,59
,"PRICE, WI",-,-,181
,"HOT SPRINGS, WY",-,-,27
,"LINCOLN, WI",-,-,139
,"BIG HORN, WY",-,-,168
,"CROOK, WY",-,-,163
,"JEFFERSON, WA",-,-,65
,"KLICKITAT, WA",2.92%,6.50%,1061
,"GARFIELD, WA",-,-,10 or fewer
,"THURSTON, WA",1.37%,3.92%,1098
,"WYOMING, WV",-,5.32%,282
,"KITSAP, WA",1.73%,2.97%,809
,"SAN JUAN, WA",-,-,199
,"KANAWHA, WV",2.99%,7.68%,2071
,"SKAMANIA, WA",-,5.40%,537
,"MONROE, WV",-,5.96%,218
,"BOONE, WV",-,7.86%,140
,"MARATHON, WI",3.14%,8.21%,828
,"COLUMBIA, WA",-,-,10 or fewer
,"PEND OREILLE, WA",-,-,11
,"TETON, WY",-,-,214
,None of the above,2.65%,4.02%,40254
,Total,4.62%,6.66%,655426
≥ 45 and < 55 Years,"CLAY, WV",18.87%,22.59%,726
,"DODDRIDGE, WV",16.81%,23.16%,583
,"TYLER, WV",17.99%,25.82%,728
,"WETZEL, WV",18.58%,26.72%,1523
,"BRAXTON, WV",15.26%,19.48%,1278
,"PLEASANTS, WV",12.98%,18.65%,547
,"LEWIS, WV",17.01%,22.05%,1646
,"WIRT, WV",13.79%,20.28%,493
,"HARRISON, WV",16.71%,21.68%,7421
,"UPSHUR, WV",17.25%,20.92%,2371
,"WOOD, WV",14.61%,20.83%,7737
,"MENOMINEE, WI",25.09%,32.00%,275
,"RITCHIE, WV",11.53%,21.05%,841
,"POCAHONTAS, WV",13.53%,19.12%,340
,"NICHOLAS, WV",12.20%,20.55%,2180
,"TAYLOR, WV",14.53%,20.93%,1328
,"BARBOUR, WV",12.90%,21.89%,1101
,"MARSHALL, WV",14.42%,20.03%,2891
,"BROOKE, WV",10.24%,19.14%,977
,"WAUSHARA, WI",12.27%,16.18%,921
,"ROANE, WV",11.81%,17.06%,381
,"MINERAL, WV",10.54%,18.60%,2011
,"MARQUETTE, WI",11.73%,17.65%,793
,"CALHOUN, WV",12.99%,21.15%,331
,"JACKSON, WV",12.35%,20.27%,2462
,"MARION, WV",12.53%,18.73%,5477
,"SAWYER, WI",8.70%,12.07%,1069
,"WASHBURN, WI",11.56%,14.58%,960
,"GILMER, WV",11.93%,20.81%,394
,"WEBSTER, WV",11.67%,20.58%,617
,"GRAYS HARBOR, WA",12.57%,17.37%,167
,"ADAMS, WI",11.86%,19.24%,894
,"BAYFIELD, WI",8.15%,10.97%,957
,"SHEBOYGAN, WI",11.51%,14.33%,11592
,"ROCK, WI",13.82%,17.35%,10933
,"WAHKIAKUM, WA",10.99%,13.61%,191
,"RUSK, WI",12.78%,16.11%,540
,"OHIO, WV",10.41%,16.38%,4016
,"DODGE, WI",10.48%,14.40%,4180
,"LARAMIE, WY",11.61%,15.22%,6262
,"DOUGLAS, WI",10.57%,14.79%,3718
,"MINGO, WV",9.22%,18.18%,748
,"MANITOWOC, WI",11.40%,14.45%,6762
,"JEFFERSON, WV",11.62%,16.37%,5595
,"WALWORTH, WI",10.87%,13.04%,8298
,"GRANT, WA",10.66%,14.37%,5151
,"ASHLAND, WI",10.27%,13.86%,1003
,"MONROE, WI",10.80%,14.87%,2610
,"FOREST, WI",15.49%,19.72%,142
,"BERKELEY, WV",11.49%,18.21%,12606
,"COLUMBIA, WI",10.38%,13.56%,3237
,"PEPIN, WI",8.84%,13.72%,328
,"PRESTON, WV",11.91%,18.89%,2049
,"PIERCE, WI",8.72%,13.17%,1192
,"POLK, WI",12.88%,16.10%,528
,"DOUGLAS, WA",9.23%,12.72%,3617
,"CRAWFORD, WI",10.30%,15.78%,1039
,"WAYNE, WV",14.53%,21.19%,1411
,"MILWAUKEE, WI",14.29%,18.62%,53507
,"OKANOGAN, WA",8.15%,12.36%,2896
,"GREEN LAKE, WI",11.75%,15.41%,519
,"GREEN, WI",10.22%,12.46%,1781
,"PENDLETON, WV",5.87%,14.32%,426
,"JEFFERSON, WI",9.22%,12.46%,3643
,"KENOSHA, WI",11.68%,14.39%,11474
,"VILAS, WI",8.94%,13.82%,123
,"CHELAN, WA",8.90%,12.12%,6549
,"OCONTO, WI",8.67%,13.66%,3828
,"TREMPEALEAU, WI",11.27%,14.00%,2015
,"RACINE, WI",11.11%,14.05%,12164
,"BURNETT, WI",6.07%,9.59%,511
,"MARINETTE, WI",10.20%,15.71%,4087
,"BUFFALO, WI",7.49%,11.72%,734
,"FAYETTE, WV",10.20%,20.78%,794
,"FERRY, WA",-,-,44
,"RANDOLPH, WV",9.09%,18.32%,1397
,"LINCOLN, WY",7.90%,10.27%,886
,"KITTITAS, WA",9.37%,11.63%,886
,"MORGAN, WV",8.65%,14.11%,1226
,"SHAWANO, WI",10.56%,16.08%,2245
,"VERNON, WI",7.82%,12.30%,2033
,"KEWAUNEE, WI",9.26%,12.39%,2009
,"PLATTE, WY",9.58%,13.17%,167
,"LA CROSSE, WI",9.28%,11.67%,8395
,"WINNEBAGO, WI",9.79%,12.85%,8312
,"DOOR, WI",8.83%,12.36%,1755
,"ADAMS, WA",9.41%,12.94%,340
,"IRON, WI",9.29%,13.66%,183
,"SKAGIT, WA",9.36%,13.87%,7809
,"LOGAN, WV",11.78%,18.32%,382
,"COWLITZ, WA",12.98%,18.48%,3891
,"ASOTIN, WA",-,-,22
,"JUNEAU, WI",9.17%,16.30%,1374
,"TUCKER, WV",7.16%,18.18%,363
,"MONONGALIA, WV",11.28%,15.24%,6837
,"WASHINGTON, WI",7.83%,9.69%,8025
,"FOND DU LAC, WI",9.97%,13.91%,4012
,"GRANT, WV",5.73%,12.74%,785
,"GOSHEN, WY",-,10.56%,142
,"LANGLADE, WI",8.02%,12.83%,187
,"SAINT CROIX, WI",7.75%,10.63%,1251
,"LINCOLN, WA",-,-,63
,"YAKIMA, WA",16.93%,21.69%,1429
,"SWEETWATER, WY",9.55%,17.56%,712
,"GRANT, WI",8.60%,15.07%,1652
,"LINCOLN, WV",11.84%,16.88%,397
,"PACIFIC, WA",10.33%,18.08%,426
,"ISLAND, WA",6.32%,11.25%,2169
,"MASON, WV",12.08%,20.19%,530
,"FRANKLIN, WA",-,20.00%,115
,"CHIPPEWA, WI",8.24%,11.56%,2950
,"WOOD, WI",11.72%,18.42%,418
,"BROWN, WI",9.30%,13.71%,27868
,"WESTON, WY",6.37%,10.29%,204
,"IOWA, WI",6.73%,11.38%,817
,"OZAUKEE, WI",7.34%,8.88%,6103
,"NIOBRARA, WY",-,-,14
,"EAU CLAIRE, WI",8.93%,12.80%,3461
,"MCDOWELL, WV",5.31%,14.25%,716
,"DANE, WI",8.09%,10.38%,46545
,"CABELL, WV",11.24%,17.99%,3424
,"ALBANY, WY",5.94%,11.20%,1785
,"KING, WA",7.77%,10.40%,72091
,"WAUPACA, WI",8.49%,14.71%,1190
,"CARBON, WY",6.50%,11.92%,369
,"CALUMET, WI",8.77%,11.80%,2042
,"CLALLAM, WA",-,-,127
,"SAUK, WI",7.14%,14.06%,1821
,"ONEIDA, WI",-,9.44%,180
,"HARDY, WV",7.67%,19.18%,704
,"GREENBRIER, WV",7.71%,16.12%,428
,"SPOKANE, WA",6.02%,10.78%,399
,"WAUKESHA, WI",7.10%,9.16%,18172
,"STEVENS, WA",-,-,39
,"CAMPBELL, WY",8.22%,14.16%,353
,"RALEIGH, WV",5.96%,13.63%,822
,"LEWIS, WA",7.72%,13.09%,298
,"TAYLOR, WI",-,10.48%,105
,"PIERCE, WA",7.52%,10.84%,4574
,"JACKSON, WI",7.75%,14.32%,1110
,"RICHLAND, WI",8.20%,15.74%,756
,"LAFAYETTE, WI",8.28%,13.31%,338
,"WHATCOM, WA",7.57%,11.50%,3208
,"BARRON, WI",8.18%,12.15%,856
,"OUTAGAMIE, WI",7.79%,11.74%,6999
,"SNOHOMISH, WA",6.98%,11.50%,15282
,"MASON, WA",-,10.29%,175
,"MERCER, WV",5.39%,15.61%,4357
,"DUNN, WI",7.34%,10.21%,872
,"CLARK, WI",8.22%,13.15%,365
,"FLORENCE, WI",-,10.53%,228
,"HANCOCK, WV",8.53%,17.39%,598
,"BENTON, WA",3.76%,10.97%,319
,"HAMPSHIRE, WV",6.22%,14.22%,1174
,"JOHNSON, WY",-,-,33
,"WALLA WALLA, WA",-,16.48%,91
,"PARK, WY",4.17%,6.02%,1080
,"NATRONA, WY",9.38%,14.93%,288
,"PUTNAM, WV",7.31%,13.27%,1108
,"SUMMERS, WV",4.58%,10.83%,240
,"FREMONT, WY",5.58%,15.94%,251
,"UINTA, WY",5.55%,12.31%,577
,"CONVERSE, WY",-,15.38%,78
,"PORTAGE, WI",7.56%,13.10%,397
,"SUBLETTE, WY",-,11.29%,124
,"WASHAKIE, WY",-,-,79
,"SHERIDAN, WY",-,9.65%,114
,"CLARK, WA",5.61%,10.53%,16881
,"WHITMAN, WA",-,-,45
,"PRICE, WI",4.81%,6.30%,270
,"HOT SPRINGS, WY",-,-,42
,"LINCOLN, WI",-,14.08%,142
,"BIG HORN, WY",-,7.01%,157
,"CROOK, WY",-,8.20%,183
,"JEFFERSON, WA",-,-,77
,"KLICKITAT, WA",6.92%,15.27%,1041
,"GARFIELD, WA",-,-,10 or fewer
,"THURSTON, WA",4.86%,9.61%,905
,"WYOMING, WV",2.89%,7.63%,485
,"KITSAP, WA",4.38%,7.40%,730
,"SAN JUAN, WA",4.12%,5.99%,267
,"KANAWHA, WV",5.34%,13.94%,2791
,"SKAMANIA, WA",4.02%,11.87%,497
,"MONROE, WV",4.00%,9.14%,350
,"BOONE, WV",5.60%,13.79%,232
,"MARATHON, WI",3.38%,12.32%,917
,"COLUMBIA, WA",-,-,10 or fewer
,"PEND OREILLE, WA",-,-,13
,"TETON, WY",-,-,242
,None of the above,5.24%,7.79%,39442
,Total,9.58%,13.54%,632502
≥ 55 and < 65 Years,"CLAY, WV",24.37%,31.23%,919
,"DODDRIDGE, WV",26.96%,34.22%,716
,"TYLER, WV",23.92%,31.39%,924
,"WETZEL, WV",25.54%,34.06%,1891
,"BRAXTON, WV",24.01%,30.69%,1616
,"PLEASANTS, WV",22.47%,28.27%,672
,"LEWIS, WV",21.63%,29.41%,1914
,"WIRT, WV",20.29%,26.96%,690
,"HARRISON, WV",21.91%,29.04%,8525
,"UPSHUR, WV",21.71%,27.90%,2685
,"WOOD, WV",20.45%,29.12%,9317
,"MENOMINEE, WI",22.25%,31.15%,382
,"RITCHIE, WV",17.48%,28.48%,1127
,"POCAHONTAS, WV",15.34%,22.92%,541
,"NICHOLAS, WV",17.78%,28.83%,2733
,"TAYLOR, WV",18.46%,26.54%,1522
,"BARBOUR, WV",16.85%,26.51%,1294
,"MARSHALL, WV",18.62%,26.75%,3421
,"BROOKE, WV",16.07%,25.94%,1307
,"WAUSHARA, WI",16.26%,21.53%,1421
,"ROANE, WV",14.70%,26.50%,517
,"MINERAL, WV",16.90%,27.01%,2532
,"MARQUETTE, WI",13.71%,18.61%,1225
,"CALHOUN, WV",13.84%,22.77%,448
,"JACKSON, WV",16.93%,26.96%,3019
,"MARION, WV",17.98%,26.43%,5990
,"SAWYER, WI",11.81%,15.91%,1854
,"WASHBURN, WI",11.99%,15.93%,1576
,"GILMER, WV",15.48%,25.94%,478
,"WEBSTER, WV",13.22%,24.94%,794
,"GRAYS HARBOR, WA",14.78%,20.62%,291
,"ADAMS, WI",13.02%,21.35%,1536
,"BAYFIELD, WI",11.58%,16.02%,1667
,"SHEBOYGAN, WI",15.50%,19.63%,14634
,"ROCK, WI",17.53%,22.06%,12919
,"WAHKIAKUM, WA",15.99%,20.75%,294
,"RUSK, WI",15.98%,20.10%,826
,"OHIO, WV",15.38%,23.41%,5020
,"DODGE, WI",14.51%,19.37%,5596
,"LARAMIE, WY",16.56%,21.55%,7875
,"DOUGLAS, WI",15.80%,21.38%,4608
,"MINGO, WV",13.21%,25.53%,901
,"MANITOWOC, WI",14.78%,19.37%,9210
,"JEFFERSON, WV",16.32%,23.53%,6410
,"WALWORTH, WI",14.91%,18.27%,11398
,"GRANT, WA",14.60%,20.97%,6279
,"ASHLAND, WI",13.62%,20.12%,1491
,"MONROE, WI",15.98%,21.99%,3310
,"FOREST, WI",11.07%,17.18%,262
,"BERKELEY, WV",15.96%,24.66%,13882
,"COLUMBIA, WI",14.32%,18.65%,4310
,"PEPIN, WI",11.86%,16.97%,548
,"PRESTON, WV",13.49%,23.85%,2579
,"PIERCE, WI",11.48%,16.39%,1586
,"POLK, WI",13.21%,17.69%,893
,"DOUGLAS, WA",13.63%,18.26%,4212
,"CRAWFORD, WI",12.46%,19.64%,1573
,"WAYNE, WV",19.00%,25.54%,1484
,"MILWAUKEE, WI",19.32%,25.54%,57051
,"OKANOGAN, WA",12.46%,18.25%,4005
,"GREEN LAKE, WI",14.64%,20.52%,765
,"GREEN, WI",12.86%,17.23%,2014
,"PENDLETON, WV",10.57%,23.89%,653
,"JEFFERSON, WI",12.78%,18.56%,4876
,"KENOSHA, WI",16.19%,20.50%,13524
,"VILAS, WI",9.31%,15.20%,408
,"CHELAN, WA",12.85%,17.26%,8252
,"OCONTO, WI",12.66%,19.29%,5672
,"TREMPEALEAU, WI",14.94%,19.45%,2457
,"RACINE, WI",14.91%,18.97%,15080
,"BURNETT, WI",9.44%,14.31%,1027
,"MARINETTE, WI",12.15%,20.48%,6582
,"BUFFALO, WI",13.94%,18.31%,1076
,"FAYETTE, WV",10.84%,22.09%,996
,"FERRY, WA",-,18.06%,72
,"RANDOLPH, WV",11.77%,25.23%,1946
,"LINCOLN, WY",10.22%,14.25%,1116
,"KITTITAS, WA",10.23%,13.86%,1154
,"MORGAN, WV",12.52%,20.40%,1701
,"SHAWANO, WI",12.94%,20.33%,3075
,"VERNON, WI",10.70%,17.00%,2964
,"KEWAUNEE, WI",12.67%,18.39%,2676
,"PLATTE, WY",13.23%,19.69%,325
,"LA CROSSE, WI",13.15%,16.86%,9524
,"WINNEBAGO, WI",13.53%,18.50%,9643
,"DOOR, WI",10.56%,15.05%,3096
,"ADAMS, WA",11.76%,18.82%,425
,"IRON, WI",8.51%,14.54%,282
,"SKAGIT, WA",12.86%,18.48%,9513
,"LOGAN, WV",11.75%,22.54%,417
,"COWLITZ, WA",14.56%,22.94%,4726
,"ASOTIN, WA",-,-,38
,"JUNEAU, WI",10.43%,19.49%,2176
,"TUCKER, WV",9.07%,22.87%,529
,"MONONGALIA, WV",16.09%,22.56%,6805
,"WASHINGTON, WI",11.21%,14.25%,10930
,"FOND DU LAC, WI",12.32%,17.95%,4796
,"GRANT, WV",8.46%,20.25%,1052
,"GOSHEN, WY",11.68%,20.80%,274
,"LANGLADE, WI",10.08%,15.65%,377
,"SAINT CROIX, WI",10.52%,15.21%,1663
,"LINCOLN, WA",-,19.78%,91
,"YAKIMA, WA",19.61%,24.96%,1775
,"SWEETWATER, WY",8.95%,20.82%,927
,"GRANT, WI",11.43%,19.53%,2284
,"LINCOLN, WV",11.29%,23.70%,443
,"PACIFIC, WA",11.81%,21.52%,762
,"ISLAND, WA",9.24%,15.71%,3355
,"MASON, WV",15.27%,24.02%,537
,"FRANKLIN, WA",12.28%,26.32%,114
,"CHIPPEWA, WI",11.84%,17.44%,3945
,"WOOD, WI",12.27%,21.27%,644
,"BROWN, WI",12.48%,18.78%,32033
,"WESTON, WY",8.49%,14.78%,318
,"IOWA, WI",10.88%,17.23%,1149
,"OZAUKEE, WI",10.52%,12.85%,7745
,"NIOBRARA, WY",-,-,29
,"EAU CLAIRE, WI",11.47%,15.95%,3907
,"MCDOWELL, WV",8.62%,21.11%,1009
,"DANE, WI",12.55%,16.21%,45585
,"CABELL, WV",15.75%,24.79%,3029
,"ALBANY, WY",9.81%,16.39%,2019
,"KING, WA",11.49%,16.03%,69624
,"WAUPACA, WI",11.29%,20.47%,1568
,"CARBON, WY",8.69%,16.10%,472
,"CALUMET, WI",11.53%,16.36%,2298
,"CLALLAM, WA",6.79%,9.64%,280
,"SAUK, WI",8.33%,15.25%,2629
,"ONEIDA, WI",7.81%,12.15%,461
,"HARDY, WV",6.53%,20.37%,1041
,"GREENBRIER, WV",7.08%,17.45%,636
,"SPOKANE, WA",8.85%,15.25%,531
,"WAUKESHA, WI",10.14%,13.22%,23394
,"STEVENS, WA",-,-,64
,"CAMPBELL, WY",7.17%,13.50%,474
,"RALEIGH, WV",7.36%,15.94%,1060
,"LEWIS, WA",10.55%,17.34%,398
,"TAYLOR, WI",-,14.79%,142
,"PIERCE, WA",10.25%,15.76%,4821
,"JACKSON, WI",10.98%,19.04%,1476
,"RICHLAND, WI",8.98%,17.28%,1036
,"LAFAYETTE, WI",8.91%,19.11%,539
,"WHATCOM, WA",9.51%,15.17%,3691
,"BARRON, WI",10.34%,17.26%,1257
,"OUTAGAMIE, WI",10.79%,17.23%,7741
,"SNOHOMISH, WA",9.27%,15.97%,16115
,"MASON, WA",7.53%,13.39%,239
,"MERCER, WV",7.30%,21.57%,4970
,"DUNN, WI",9.95%,16.02%,955
,"CLARK, WI",8.50%,15.61%,506
,"FLORENCE, WI",7.26%,17.23%,441
,"HANCOCK, WV",7.84%,21.83%,829
,"BENTON, WA",8.76%,16.59%,434
,"HAMPSHIRE, WV",7.39%,20.05%,1706
,"JOHNSON, WY",-,-,62
,"WALLA WALLA, WA",8.28%,13.10%,145
,"PARK, WY",5.48%,8.88%,1588
,"NATRONA, WY",7.48%,17.17%,361
,"PUTNAM, WV",8.67%,18.97%,1223
,"SUMMERS, WV",5.97%,16.12%,335
,"FREMONT, WY",7.46%,16.45%,389
,"UINTA, WY",7.32%,16.62%,656
,"CONVERSE, WY",-,13.22%,121
,"PORTAGE, WI",8.06%,16.46%,571
,"SUBLETTE, WY",-,8.98%,167
,"WASHAKIE, WY",-,12.50%,128
,"SHERIDAN, WY",5.64%,13.33%,195
,"CLARK, WA",8.08%,15.37%,17486
,"WHITMAN, WA",-,-,50
,"PRICE, WI",6.51%,8.88%,338
,"HOT SPRINGS, WY",-,-,57
,"LINCOLN, WI",7.57%,17.93%,251
,"BIG HORN, WY",6.56%,11.07%,244
,"CROOK, WY",5.26%,7.12%,323
,"JEFFERSON, WA",-,-,166
,"KLICKITAT, WA",6.00%,15.51%,1251
,"GARFIELD, WA",-,-,10 or fewer
,"THURSTON, WA",6.92%,12.50%,968
,"WYOMING, WV",4.56%,13.19%,614
,"KITSAP, WA",5.65%,11.52%,920
,"SAN JUAN, WA",3.54%,6.13%,424
,"KANAWHA, WV",5.06%,15.13%,3714
,"SKAMANIA, WA",6.51%,16.01%,737
,"MONROE, WV",4.59%,13.10%,458
,"BOONE, WV",5.92%,18.64%,338
,"MARATHON, WI",5.46%,16.29%,1099
,"COLUMBIA, WA",-,-,10 or fewer
,"PEND OREILLE, WA",-,-,25
,"TETON, WY",-,4.31%,325
,None of the above,7.52%,11.56%,40963
,Total,13.20%,18.98%,733608
65 Years or more,"CLAY, WV",28.06%,37.43%,1472
,"DODDRIDGE, WV",27.96%,38.98%,1116
,"TYLER, WV",27.32%,39.51%,1607
,"WETZEL, WV",27.15%,39.21%,3193
,"BRAXTON, WV",24.69%,36.39%,2872
,"PLEASANTS, WV",24.91%,37.10%,1116
,"LEWIS, WV",23.27%,35.46%,2922
,"WIRT, WV",22.37%,34.04%,1037
,"HARRISON, WV",25.77%,37.07%,13647
,"UPSHUR, WV",23.64%,35.34%,4836
,"WOOD, WV",23.20%,35.24%,15580
,"MENOMINEE, WI",27.02%,38.72%,470
,"RITCHIE, WV",21.43%,35.61%,1890
,"POCAHONTAS, WV",16.73%,25.51%,980
,"NICHOLAS, WV",19.05%,31.71%,4945
,"TAYLOR, WV",21.11%,32.84%,2378
,"BARBOUR, WV",19.51%,35.13%,2337
,"MARSHALL, WV",21.34%,33.04%,6051
,"BROOKE, WV",18.01%,30.48%,2638
,"WAUSHARA, WI",19.04%,27.78%,2185
,"ROANE, WV",15.59%,30.26%,988
,"MINERAL, WV",19.49%,35.97%,4351
,"MARQUETTE, WI",17.37%,25.30%,2055
,"CALHOUN, WV",15.21%,28.55%,802
,"JACKSON, WV",19.12%,34.22%,5152
,"MARION, WV",19.38%,33.04%,10622
,"SAWYER, WI",16.51%,22.55%,3677
,"WASHBURN, WI",15.95%,21.81%,2985
,"GILMER, WV",14.57%,31.13%,803
,"WEBSTER, WV",13.37%,30.20%,1533
,"GRAYS HARBOR, WA",12.88%,24.89%,466
,"ADAMS, WI",15.15%,26.41%,2488
,"BAYFIELD, WI",15.42%,21.15%,3404
,"SHEBOYGAN, WI",19.58%,26.36%,22965
,"ROCK, WI",19.91%,27.76%,17475
,"WAHKIAKUM, WA",12.35%,26.46%,567
,"RUSK, WI",14.30%,19.06%,1259
,"OHIO, WV",17.59%,28.58%,9697
,"DODGE, WI",18.74%,25.62%,8163
,"LARAMIE, WY",18.96%,26.58%,14401
,"DOUGLAS, WI",19.02%,26.86%,7062
,"MINGO, WV",13.51%,29.92%,1658
,"MANITOWOC, WI",17.32%,25.62%,14119
,"JEFFERSON, WV",18.17%,28.70%,9010
,"WALWORTH, WI",17.02%,23.65%,18291
,"GRANT, WA",18.41%,27.59%,10631
,"ASHLAND, WI",16.39%,22.70%,2361
,"MONROE, WI",19.45%,28.15%,5038
,"FOREST, WI",11.49%,22.30%,435
,"BERKELEY, WV",19.54%,31.47%,18399
,"COLUMBIA, WI",16.50%,23.02%,5678
,"PEPIN, WI",14.06%,25.12%,1067
,"PRESTON, WV",15.46%,28.75%,4361
,"PIERCE, WI",15.16%,23.44%,2948
,"POLK, WI",13.83%,19.86%,1526
,"DOUGLAS, WA",18.50%,25.66%,7525
,"CRAWFORD, WI",13.88%,25.11%,2903
,"WAYNE, WV",20.93%,29.46%,1935
,"MILWAUKEE, WI",21.13%,30.69%,78553
,"OKANOGAN, WA",14.63%,23.05%,8448
,"GREEN LAKE, WI",14.13%,22.41%,1111
,"GREEN, WI",17.04%,23.71%,2957
,"PENDLETON, WV",11.74%,27.83%,1423
,"JEFFERSON, WI",14.99%,23.23%,7399
,"KENOSHA, WI",18.36%,26.26%,17089
,"VILAS, WI",11.13%,19.26%,566
,"CHELAN, WA",15.22%,22.25%,15626
,"OCONTO, WI",16.46%,27.40%,8203
,"TREMPEALEAU, WI",17.58%,24.59%,3550
,"RACINE, WI",16.52%,24.91%,21742
,"BURNETT, WI",10.95%,19.23%,2220
,"MARINETTE, WI",14.27%,27.49%,10577
,"BUFFALO, WI",14.14%,23.23%,1726
,"FAYETTE, WV",11.78%,25.96%,1876
,"FERRY, WA",8.70%,18.63%,161
,"RANDOLPH, WV",9.71%,27.48%,3708
,"LINCOLN, WY",15.01%,19.92%,2399
,"KITTITAS, WA",13.15%,18.87%,1924
,"MORGAN, WV",12.46%,23.79%,2850
,"SHAWANO, WI",14.81%,25.57%,4396
,"VERNON, WI",14.58%,24.78%,5492
,"KEWAUNEE, WI",15.57%,26.57%,4253
,"PLATTE, WY",8.90%,21.19%,854
,"LA CROSSE, WI",17.90%,23.69%,15439
,"WINNEBAGO, WI",17.86%,25.32%,13289
,"DOOR, WI",10.35%,18.61%,6968
,"ADAMS, WA",14.81%,23.51%,655
,"IRON, WI",12.00%,18.00%,450
,"SKAGIT, WA",12.97%,21.30%,20153
,"LOGAN, WV",9.79%,23.54%,807
,"COWLITZ, WA",10.03%,25.46%,7097
,"ASOTIN, WA",-,16.09%,87
,"JUNEAU, WI",11.54%,26.55%,3586
,"TUCKER, WV",9.04%,26.76%,1151
,"MONONGALIA, WV",17.33%,27.77%,10498
,"WASHINGTON, WI",16.61%,23.03%,14841
,"FOND DU LAC, WI",16.06%,25.14%,6252
,"GRANT, WV",11.79%,27.55%,2138
,"GOSHEN, WY",8.61%,20.48%,825
,"LANGLADE, WI",11.76%,20.38%,476
,"SAINT CROIX, WI",12.73%,19.47%,2758
,"LINCOLN, WA",10.32%,20.00%,155
,"YAKIMA, WA",19.11%,25.24%,3229
,"SWEETWATER, WY",9.28%,24.95%,1864
,"GRANT, WI",11.17%,23.14%,4102
,"LINCOLN, WV",11.59%,22.56%,656
,"PACIFIC, WA",6.26%,23.36%,1948
,"ISLAND, WA",9.75%,16.59%,7366
,"MASON, WV",13.10%,27.73%,916
,"FRANKLIN, WA",11.17%,24.47%,188
,"CHIPPEWA, WI",12.63%,22.55%,6311
,"WOOD, WI",11.77%,23.17%,807
,"BROWN, WI",15.64%,25.88%,46407
,"WESTON, WY",13.22%,20.22%,628
,"IOWA, WI",11.58%,19.52%,1675
,"OZAUKEE, WI",14.54%,20.28%,13514
,"NIOBRARA, WY",-,14.47%,76
,"EAU CLAIRE, WI",14.90%,23.55%,6757
,"MCDOWELL, WV",8.57%,28.44%,1691
,"DANE, WI",15.94%,21.78%,67050
,"CABELL, WV",14.84%,24.38%,4077
,"ALBANY, WY",13.42%,21.62%,4099
,"KING, WA",13.31%,21.00%,103873
,"WAUPACA, WI",12.14%,25.00%,1952
,"CARBON, WY",10.23%,18.05%,997
,"CALUMET, WI",13.26%,23.09%,2616
,"CLALLAM, WA",7.89%,16.31%,558
,"SAUK, WI",9.12%,19.92%,4498
,"ONEIDA, WI",8.26%,16.38%,702
,"HARDY, WV",8.80%,24.03%,1773
,"GREENBRIER, WV",7.89%,20.20%,1292
,"SPOKANE, WA",9.70%,18.81%,1010
,"WAUKESHA, WI",14.14%,20.68%,34587
,"STEVENS, WA",-,13.56%,118
,"CAMPBELL, WY",7.95%,16.41%,792
,"RALEIGH, WV",7.41%,19.17%,2441
,"LEWIS, WA",8.31%,19.94%,722
,"TAYLOR, WI",10.48%,20.97%,248
,"PIERCE, WA",10.81%,18.06%,6153
,"JACKSON, WI",7.87%,21.74%,2604
,"RICHLAND, WI",7.10%,21.88%,2395
,"LAFAYETTE, WI",10.00%,20.00%,1020
,"WHATCOM, WA",10.88%,17.93%,5788
,"BARRON, WI",7.36%,17.49%,2419
,"OUTAGAMIE, WI",13.18%,23.58%,8519
,"SNOHOMISH, WA",10.41%,22.34%,26002
,"MASON, WA",8.75%,15.84%,423
,"MERCER, WV",9.38%,27.63%,9413
,"DUNN, WI",10.93%,24.60%,1427
,"CLARK, WI",7.96%,19.32%,1030
,"FLORENCE, WI",7.38%,20.82%,759
,"HANCOCK, WV",8.50%,26.28%,1541
,"BENTON, WA",7.37%,19.19%,719
,"HAMPSHIRE, WV",6.83%,22.56%,2930
,"JOHNSON, WY",-,12.50%,104
,"WALLA WALLA, WA",4.23%,12.99%,331
,"PARK, WY",7.69%,13.95%,3485
,"NATRONA, WY",7.48%,16.42%,682
,"PUTNAM, WV",9.47%,22.09%,2291
,"SUMMERS, WV",5.68%,20.03%,704
,"FREMONT, WY",6.14%,16.78%,733
,"UINTA, WY",8.16%,22.02%,1299
,"CONVERSE, WY",5.79%,17.37%,190
,"PORTAGE, WI",8.00%,17.93%,725
,"SUBLETTE, WY",5.41%,18.38%,370
,"WASHAKIE, WY",4.46%,8.93%,336
,"SHERIDAN, WY",5.57%,13.16%,395
,"CLARK, WA",10.14%,20.44%,32264
,"WHITMAN, WA",11.28%,21.80%,133
,"PRICE, WI",5.90%,11.18%,322
,"HOT SPRINGS, WY",7.82%,17.32%,179
,"LINCOLN, WI",8.53%,21.50%,293
,"BIG HORN, WY",6.88%,14.08%,625
,"CROOK, WY",6.52%,11.26%,675
,"JEFFERSON, WA",5.33%,10.44%,450
,"KLICKITAT, WA",5.70%,17.95%,2457
,"GARFIELD, WA",-,-,13
,"THURSTON, WA",6.73%,14.88%,1680
,"WYOMING, WV",4.76%,12.04%,1113
,"KITSAP, WA",6.05%,11.33%,1571
,"SAN JUAN, WA",4.05%,7.81%,1332
,"KANAWHA, WV",4.82%,16.30%,8313
,"SKAMANIA, WA",6.73%,18.95%,1219
,"MONROE, WV",4.69%,14.18%,811
,"BOONE, WV",3.19%,15.10%,722
,"MARATHON, WI",7.33%,18.60%,968
,"COLUMBIA, WA",-,-,16
,"PEND OREILLE, WA",-,-,35
,"TETON, WY",1.99%,7.41%,702
,None of the above,9.19%,16.17%,57589
,Total,15.27%,24.40%,1148609
"Total: Total includes all data, including data from rows not currently displayed.","CLAY, WV",17.64%,22.74%,4643
,"DODDRIDGE, WV",15.74%,21.49%,4034
,"TYLER, WV",15.44%,22.09%,5292
,"WETZEL, WV",14.91%,21.00%,11725
,"BRAXTON, WV",14.75%,20.60%,9214
,"PLEASANTS, WV",14.42%,20.39%,3751
,"LEWIS, WV",13.73%,19.25%,11253
,"WIRT, WV",13.15%,19.51%,3475
,"HARRISON, WV",12.98%,17.93%,54979
,"UPSHUR, WV",12.66%,17.56%,18044
,"WOOD, WV",12.31%,18.26%,57705
,"MENOMINEE, WI",12.18%,16.31%,2858
,"RITCHIE, WV",11.97%,20.32%,6092
,"POCAHONTAS, WV",11.95%,18.08%,2594
,"NICHOLAS, WV",11.77%,19.78%,15019
,"TAYLOR, WV",11.41%,17.26%,9203
,"BARBOUR, WV",11.27%,19.33%,7811
,"MARSHALL, WV",11.16%,16.75%,22258
,"BROOKE, WV",10.60%,18.13%,7766
,"WAUSHARA, WI",10.57%,14.82%,7538
,"ROANE, WV",10.52%,19.05%,2803
,"MINERAL, WV",10.36%,18.03%,15318
,"MARQUETTE, WI",10.25%,14.79%,6234
,"CALHOUN, WV",10.22%,17.92%,2377
,"JACKSON, WV",9.87%,16.93%,19723
,"MARION, WV",9.82%,15.66%,42163
,"SAWYER, WI",9.77%,13.32%,10136
,"WASHBURN, WI",9.73%,13.09%,8329
,"GILMER, WV",9.71%,18.55%,2615
,"WEBSTER, WV",9.70%,19.64%,4287
,"GRAYS HARBOR, WA",9.65%,16.43%,1357
,"ADAMS, WI",9.62%,16.24%,7586
,"BAYFIELD, WI",9.47%,12.98%,8861
,"SHEBOYGAN, WI",9.37%,12.29%,92853
,"ROCK, WI",9.31%,12.40%,86438
,"WAHKIAKUM, WA",9.27%,15.57%,1618
,"RUSK, WI",9.24%,11.96%,4381
,"OHIO, WV",9.22%,14.82%,32783
,"DODGE, WI",9.09%,12.35%,33130
,"LARAMIE, WY",9.05%,12.52%,58108
,"DOUGLAS, WI",8.90%,12.47%,30151
,"MINGO, WV",8.88%,18.62%,4957
,"MANITOWOC, WI",8.79%,12.31%,56365
,"JEFFERSON, WV",8.79%,13.24%,40894
,"WALWORTH, WI",8.77%,11.52%,69019
,"GRANT, WA",8.69%,12.63%,42459
,"ASHLAND, WI",8.63%,12.19%,8728
,"MONROE, WI",8.60%,12.14%,23060
,"FOREST, WI",8.60%,14.53%,1349
,"BERKELEY, WV",8.53%,13.70%,93488
,"COLUMBIA, WI",8.48%,11.62%,24199
,"PEPIN, WI",8.45%,14.27%,3076
,"PRESTON, WV",8.41%,14.79%,16408
,"PIERCE, WI",8.40%,12.43%,9741
,"POLK, WI",8.38%,11.94%,5094
,"DOUGLAS, WA",8.37%,11.60%,29699
,"CRAWFORD, WI",8.36%,14.24%,8863
,"WAYNE, WV",8.31%,11.87%,11975
,"MILWAUKEE, WI",8.24%,11.37%,487731
,"OKANOGAN, WA",8.17%,12.59%,25249
,"GREEN LAKE, WI",8.11%,12.02%,4577
,"GREEN, WI",8.09%,10.99%,12803
,"PENDLETON, WV",8.03%,18.62%,3448
,"JEFFERSON, WI",7.98%,11.91%,28554
,"KENOSHA, WI",7.88%,10.48%,93811
,"VILAS, WI",7.87%,13.75%,1462
,"CHELAN, WA",7.85%,11.22%,54721
,"OCONTO, WI",7.85%,12.76%,33067
,"TREMPEALEAU, WI",7.80%,10.48%,16983
,"RACINE, WI",7.79%,10.77%,101418
,"BURNETT, WI",7.75%,13.03%,5171
,"MARINETTE, WI",7.70%,13.87%,39504
,"BUFFALO, WI",7.69%,11.72%,6228
,"FAYETTE, WV",7.67%,16.50%,5739
,"FERRY, WA",7.60%,14.33%,342
,"RANDOLPH, WV",7.59%,18.28%,10439
,"LINCOLN, WY",7.55%,10.21%,7494
,"KITTITAS, WA",7.55%,10.56%,6516
,"MORGAN, WV",7.55%,13.59%,9404
,"SHAWANO, WI",7.50%,12.52%,18928
,"VERNON, WI",7.48%,12.34%,18352
,"KEWAUNEE, WI",7.39%,11.78%,17516
,"PLATTE, WY",7.39%,14.88%,1976
,"LA CROSSE, WI",7.37%,9.58%,72138
,"WINNEBAGO, WI",7.36%,10.24%,68235
,"DOOR, WI",7.34%,12.17%,17665
,"ADAMS, WA",7.28%,11.57%,2540
,"IRON, WI",7.21%,10.85%,1456
,"SKAGIT, WA",7.20%,11.32%,69115
,"LOGAN, WV",7.18%,14.95%,2535
,"COWLITZ, WA",7.17%,13.06%,31567
,"ASOTIN, WA",7.11%,11.11%,225
,"JUNEAU, WI",7.07%,14.58%,11938
,"TUCKER, WV",7.06%,18.12%,2919
,"MONONGALIA, WV",7.05%,10.49%,59430
,"WASHINGTON, WI",7.04%,9.39%,65481
,"FOND DU LAC, WI",7.04%,10.47%,32347
,"GRANT, WV",7.02%,16.13%,5957
,"GOSHEN, WY",6.96%,15.03%,1883
,"LANGLADE, WI",6.90%,12.09%,1753
,"SAINT CROIX, WI",6.86%,10.41%,9990
,"LINCOLN, WA",6.85%,13.28%,467
,"YAKIMA, WA",6.84%,9.17%,19326
,"SWEETWATER, WY",6.81%,15.99%,5521
,"GRANT, WI",6.72%,12.78%,14180
,"LINCOLN, WV",6.71%,11.81%,3040
,"PACIFIC, WA",6.70%,17.36%,4256
,"ISLAND, WA",6.69%,11.36%,19010
,"MASON, WV",6.68%,12.16%,4357
,"FRANKLIN, WA",6.64%,13.78%,798
,"CHIPPEWA, WI",6.57%,10.65%,25177
,"WOOD, WI",6.51%,12.22%,3887
,"BROWN, WI",6.45%,10.26%,244897
,"WESTON, WY",6.34%,10.31%,1892
,"IOWA, WI",6.27%,10.47%,6618
,"OZAUKEE, WI",6.25%,8.25%,54892
,"NIOBRARA, WY",6.21%,12.99%,177
,"EAU CLAIRE, WI",6.21%,9.42%,31916
,"MCDOWELL, WV",6.14%,17.88%,4726
,"DANE, WI",6.12%,8.18%,373351
,"CABELL, WV",6.06%,9.90%,27134
,"ALBANY, WY",5.99%,9.80%,15849
,"KING, WA",5.99%,8.84%,519232
,"WAUPACA, WI",5.95%,11.33%,10388
,"CARBON, WY",5.84%,10.43%,3153
,"CALUMET, WI",5.79%,9.03%,15788
,"CLALLAM, WA",5.77%,10.57%,1334
,"SAUK, WI",5.74%,11.57%,15295
,"ONEIDA, WI",5.74%,10.81%,1970
,"HARDY, WV",5.72%,15.39%,5245
,"GREENBRIER, WV",5.65%,13.66%,3485
,"SPOKANE, WA",5.64%,10.38%,3650
,"WAUKESHA, WI",5.59%,7.75%,166344
,"STEVENS, WA",5.52%,9.82%,326
,"CAMPBELL, WY",5.50%,10.90%,2743
,"RALEIGH, WV",5.49%,12.99%,6543
,"LEWIS, WA",5.48%,11.15%,2555
,"TAYLOR, WI",5.48%,10.64%,949
,"PIERCE, WA",5.40%,8.52%,33760
,"JACKSON, WI",5.38%,11.89%,9172
,"RICHLAND, WI",5.34%,13.38%,6556
,"LAFAYETTE, WI",5.24%,10.50%,3667
,"WHATCOM, WA",5.17%,8.31%,27567
,"BARRON, WI",5.14%,9.81%,8416
,"OUTAGAMIE, WI",5.12%,8.55%,59715
,"SNOHOMISH, WA",5.11%,9.78%,116814
,"MASON, WA",5.08%,9.94%,1318
,"MERCER, WV",5.08%,14.89%,30833
,"DUNN, WI",4.98%,9.13%,7494
,"CLARK, WI",4.96%,10.43%,3365
,"FLORENCE, WI",4.81%,12.93%,2328
,"HANCOCK, WV",4.79%,13.22%,5591
,"BENTON, WA",4.69%,10.60%,2603
,"HAMPSHIRE, WV",4.62%,13.56%,9130
,"JOHNSON, WY",4.59%,7.65%,327
,"WALLA WALLA, WA",4.57%,10.35%,831
,"PARK, WY",4.54%,7.86%,9550
,"NATRONA, WY",4.54%,9.37%,2796
,"PUTNAM, WV",4.53%,9.82%,9695
,"SUMMERS, WV",4.52%,13.40%,1724
,"FREMONT, WY",4.49%,11.74%,2360
,"UINTA, WY",4.47%,10.82%,4917
,"CONVERSE, WY",4.46%,10.57%,672
,"PORTAGE, WI",4.41%,8.46%,4220
,"SUBLETTE, WY",4.40%,12.25%,955
,"WASHAKIE, WY",4.39%,7.74%,775
,"SHERIDAN, WY",4.31%,9.02%,1230
,"CLARK, WA",4.29%,8.38%,151540
,"WHITMAN, WA",4.28%,8.07%,607
,"PRICE, WI",4.28%,6.48%,1497
,"HOT SPRINGS, WY",4.26%,10.90%,376
,"LINCOLN, WI",4.17%,10.46%,1367
,"BIG HORN, WY",4.10%,8.20%,1682
,"CROOK, WY",4.05%,6.68%,1826
,"JEFFERSON, WA",3.88%,7.06%,850
,"KLICKITAT, WA",3.74%,10.02%,9145
,"GARFIELD, WA",-,-,27
,"THURSTON, WA",3.63%,7.41%,7082
,"WYOMING, WV",3.46%,8.58%,3123
,"KITSAP, WA",3.42%,6.45%,5939
,"SAN JUAN, WA",3.38%,6.36%,2515
,"KANAWHA, WV",3.34%,10.14%,24903
,"SKAMANIA, WA",3.28%,9.29%,4842
,"MONROE, WV",3.19%,9.09%,2474
,"BOONE, WV",2.87%,10.15%,2128
,"MARATHON, WI",2.84%,8.16%,7107
,"COLUMBIA, WA",-,-,37
,"PEND OREILLE, WA",-,-,106
,"TETON, WY",1.75%,4.64%,1938
,None of the above,4.12%,6.75%,281964
,Total,7.15%,10.87%,5156413
