Session Title,HA1C 6.5+ and Percentage w/BMI 30.0+ by BRFSS Age and County,,,
Session Description,"commercial, medicare and medicaid for states WA-WY",,,
Session ID,2732946,,,
Data Model,Patients,,,
Population Base,All Patients,,,
Population Criteria Filters: These criteria are a summary and do not fully reflect the content of the exported session.,"State of Residence (U.S.): Washington, West Virginia, Wisconsin, Wyoming",Base Patient,,
Session Date Range,1/1/2023 12:00 AM - 7/17/2025 12:00 AM,,,
Export User,Stephanie Perniciaro,,,
Date of Export,8/7/2025,,,
,,,,
,,,,
,Measures,Number of Patients,Percentage with Base Patient followed by Hemoglobin A1C 6.5% or more within 10 years (%),Percentage with Base Patient followed by BMI 30.0  or more within 10 years (%)
Age in Years (Current),County of Residence,,,
Less than 18,"KING, WA",111668,0.069%,3.4%
,"MILWAUKEE, WI",176274,0.269%,6.7%
,"DANE, WI",79386,0.265%,2.7%
,"BROWN, WI",63445,0.188%,4.6%
,"CLARK, WA",56286,0.474%,3.3%
,"WAUKESHA, WI",58442,0.33%,2.8%
,"SNOHOMISH, WA",25715,0.066%,4.3%
,"RACINE, WI",28862,0.43%,5.3%
,"BERKELEY, WV",26120,0.314%,7.2%
,"KENOSHA, WI",28781,0.358%,5.6%
,"ROCK, WI",22523,0.382%,5.3%
,"SHEBOYGAN, WI",20303,0.256%,4.9%
,"SKAGIT, WA",18445,0.081%,7.7%
,"WINNEBAGO, WI",17377,0.397%,4.6%
,"LA CROSSE, WI",16665,0.186%,2.9%
,"WALWORTH, WI",14950,0.314%,5.3%
,"WASHINGTON, WI",18013,0.3%,3.1%
,"MONONGALIA, WV",15040,0.299%,5%
,"OUTAGAMIE, WI",17391,0.61%,3.8%
,"LARAMIE, WY",17917,0.413%,4.1%
,"WOOD, WV",12469,0.401%,8.5%
,"KANAWHA, WV",14058,0.313%,6.9%
,"CHELAN, WA",12891,0.116%,4.5%
,"MANITOWOC, WI",12384,0.25%,5.4%
,"HARRISON, WV",12735,0.408%,8.6%
,"OZAUKEE, WI",15531,0.245%,2.3%
,"GRANT, WA",12380,0.121%,6.2%
,"PIERCE, WA",6242,-,2.8%
,"JEFFERSON, WV",10666,0.206%,6.3%
,"MARION, WV",9982,0.391%,8.7%
,"MARINETTE, WI",8543,0.304%,5.4%
,"COWLITZ, WA",9565,0.69%,4.6%
,"EAU CLAIRE, WI",8499,0.212%,4.7%
,"FOND DU LAC, WI",8744,0.492%,4.8%
,"WHATCOM, WA",6222,-,5.3%
,"OCONTO, WI",7271,0.358%,5.1%
,"DODGE, WI",7824,0.562%,4.6%
,"OHIO, WV",6833,0.234%,8.8%
,"MERCER, WV",6465,0.309%,8.6%
,"DOUGLAS, WA",7797,0.218%,4.6%
,"DOUGLAS, WI",6414,0.296%,4.8%
,"CABELL, WV",9246,0.141%,8.7%
,"JEFFERSON, WI",6134,0.619%,3.9%
,"CHIPPEWA, WI",5935,0.202%,5.2%
,"OKANOGAN, WA",5959,-,5.4%
,"ISLAND, WA",2559,-,4.1%
,"MONROE, WI",6457,0.341%,4.5%
,"COLUMBIA, WI",4864,0.535%,3.6%
,"YAKIMA, WA",11177,-,6.3%
,"JACKSON, WV",5136,-,10%
,"MARSHALL, WV",4715,0.276%,10.4%
,"SHAWANO, WI",4368,0.298%,5.2%
,"DOOR, WI",2277,0.483%,5.7%
,"VERNON, WI",3970,-,3.2%
,"TREMPEALEAU, WI",4662,-,4.4%
,"PRESTON, WV",4250,0.306%,6%
,"UPSHUR, WV",3947,0.405%,8.3%
,"ALBANY, WY",4088,0.318%,2.8%
,"KEWAUNEE, WI",4037,-,4.9%
,"MINERAL, WV",3570,0.476%,9.6%
,"SAUK, WI",2973,0.572%,4.2%
,"GRANT, WI",3228,0.496%,6.1%
,"CALUMET, WI",3996,0.576%,4.3%
,"PUTNAM, WV",5111,0.215%,5.4%
,"NICHOLAS, WV",2607,0.729%,8.8%
,"HAMPSHIRE, WV",2533,-,7%
,"GREEN, WI",2766,0.434%,3.8%
,"JUNEAU, WI",2294,0.48%,4.8%
,"WAYNE, WV",4247,-,10.9%
,"RANDOLPH, WV",1811,0.939%,7.4%
,"SAINT CROIX, WI",1937,-,4.4%
,"LEWIS, WV",2408,-,7.5%
,"WETZEL, WV",2677,0.598%,9.6%
,"THURSTON, WA",1054,-,4.1%
,"WAUPACA, WI",3102,0.709%,5.4%
,"MORGAN, WV",2128,-,7.6%
,"SAWYER, WI",1954,-,6.1%
,"JACKSON, WI",1848,-,4%
,"BARRON, WI",2227,-,4.4%
,"PIERCE, WI",1947,-,7.1%
,"HANCOCK, WV",2324,-,7.5%
,"RALEIGH, WV",1633,1%,8.3%
,"TAYLOR, WV",2043,-,9.1%
,"DUNN, WI",1804,-,4.6%
,"BROOKE, WV",1732,-,9%
,"LINCOLN, WY",2409,-,2.8%
,"BRAXTON, WV",1720,-,11.5%
,"ASHLAND, WI",1934,-,5.6%
,"MARATHON, WI",2544,-,4%
,"CRAWFORD, WI",1578,-,4.9%
,"KLICKITAT, WA",1895,0.58%,5.9%
,"BAYFIELD, WI",1424,-,4.8%
,"BARBOUR, WV",1703,-,7.5%
,"WASHBURN, WI",1424,-,6.9%
,"POLK, WI",1548,-,4.1%
,"KITSAP, WA",633,-,2.5%
,"ADAMS, WI",1378,-,7.2%
,"FAYETTE, WV",1535,1.4%,6.6%
,"PARK, WY",1505,-,3.6%
,"WAUSHARA, WI",1581,-,5.7%
,"KITTITAS, WA",945,-,4.8%
,"SWEETWATER, WY",1317,-,1.6%
,"GRANT, WV",1281,-,8.8%
,"HARDY, WV",1162,-,9%
,"RICHLAND, WI",1219,-,4.8%
,"IOWA, WI",1420,-,4.6%
,"BUFFALO, WI",1334,-,5.5%
,"BURNETT, WI",976,-,8.4%
,"RITCHIE, WV",1220,-,7.6%
,"UINTA, WY",1734,-,2.4%
,"MARQUETTE, WI",962,-,6.5%
,"MINGO, WV",886,-,9.8%
,"SPOKANE, WA",773,-,3.5%
,"MASON, WV",1650,-,10.7%
,"PORTAGE, WI",1627,-,2.7%
,"MCDOWELL, WV",780,-,9.5%
,"CLAY, WV",876,-,8.1%
,"TYLER, WV",1110,-,8.7%
,"GREENBRIER, WV",820,-,5.6%
,"PACIFIC, WA",528,-,8.1%
,"RUSK, WI",987,-,6.1%
,"WOOD, WI",1245,-,3.2%
,"GREEN LAKE, WI",1258,0.954%,6.2%
,"WEBSTER, WV",671,-,8.9%
,"BOONE, WV",1089,-,9.1%
,"LOGAN, WV",952,-,6.5%
,"CLARK, WI",936,-,3.3%
,"LINCOLN, WV",1281,-,8.1%
,"SKAMANIA, WA",928,-,9.3%
,"PLEASANTS, WV",807,-,7.9%
,"LAFAYETTE, WI",1134,-,2.8%
,"PENDLETON, WV",609,-,7.1%
,"CARBON, WY",864,-,4.2%
,"WYOMING, WV",635,-,6%
,"ROANE, WV",651,-,7.5%
,"DODDRIDGE, WV",787,-,8.3%
,"LEWIS, WA",598,-,4.7%
,"NATRONA, WY",1090,-,5.2%
,"WIRT, WV",744,-,7.9%
,"BENTON, WA",420,-,2.9%
,"ADAMS, WA",811,-,3.6%
,"CAMPBELL, WY",639,2%,4.9%
,"SAN JUAN, WA",208,-,5.8%
,"TUCKER, WV",525,-,6.7%
,"FREMONT, WY",757,-,6.9%
,"MONROE, WV",615,-,5.7%
,"POCAHONTAS, WV",347,-,4.6%
,"PEPIN, WI",544,-,6.3%
,"GILMER, WV",561,-,7.5%
,"CALHOUN, WV",470,-,8.1%
,"MENOMINEE, WI",894,-,6.3%
,"TETON, WY",323,-,-
,"GOSHEN, WY",376,-,5.9%
,"FLORENCE, WI",362,-,4.1%
,"WHITMAN, WA",353,-,-
,"ONEIDA, WI",312,-,4.2%
,"PLATTE, WY",390,-,4.6%
,"LANGLADE, WI",460,-,4.3%
,"CROOK, WY",453,-,3.5%
,"SUMMERS, WV",304,-,5.9%
,"WESTON, WY",550,-,3.6%
,"PRICE, WI",239,-,-
,"MASON, WA",124,-,-
,"WAHKIAKUM, WA",283,-,7.8%
,"CLALLAM, WA",65,-,-
,"GRAYS HARBOR, WA",94,-,-
,"BIG HORN, WY",367,-,5.2%
,"LINCOLN, WI",435,-,3.9%
,"VILAS, WI",149,-,-
,"IRON, WI",317,-,6.3%
,"FOREST, WI",288,-,5.2%
,"SHERIDAN, WY",333,-,3.9%
,"FRANKLIN, WA",195,-,5.6%
,"TAYLOR, WI",232,-,-
,"SUBLETTE, WY",150,-,-
,"WALLA WALLA, WA",108,-,-
,"JEFFERSON, WA",29,-,-
,"CONVERSE, WY",215,-,-
,"WASHAKIE, WY",137,-,-
,"ASOTIN, WA",82,-,-
,"LINCOLN, WA",80,-,-
,"FERRY, WA",56,-,-
,"STEVENS, WA",42,-,-
,"JOHNSON, WY",85,-,-
,"HOT SPRINGS, WY",65,-,-
,"NIOBRARA, WY",34,-,-
,"PEND OREILLE, WA",11,-,-
,"COLUMBIA, WA",10 or fewer,-,-
,"GARFIELD, WA",10 or fewer,-,-
,None of the above,70222,0.13%,4.5%
,Total,1346667,0.284%,5.1%
≥ 18 and < 25,"KING, WA",59770,0.495%,15.5%
,"MILWAUKEE, WI",61409,1.2%,28.9%
,"DANE, WI",39514,0.797%,12.6%
,"BROWN, WI",27829,0.629%,21.8%
,"CLARK, WA",19252,1.3%,16.8%
,"WAUKESHA, WI",19764,1.2%,15.3%
,"SNOHOMISH, WA",12403,0.468%,20.6%
,"RACINE, WI",10704,1.2%,26.3%
,"BERKELEY, WV",9887,1.1%,34.2%
,"KENOSHA, WI",10781,1.1%,26.9%
,"ROCK, WI",9818,1.2%,24.2%
,"SHEBOYGAN, WI",8681,0.829%,24.7%
,"SKAGIT, WA",7476,0.803%,32.8%
,"WINNEBAGO, WI",8212,0.95%,25%
,"LA CROSSE, WI",8564,0.631%,16.5%
,"WALWORTH, WI",7144,0.826%,24.3%
,"WASHINGTON, WI",7432,0.902%,16.7%
,"MONONGALIA, WV",8019,0.736%,27.6%
,"OUTAGAMIE, WI",7748,1.2%,21%
,"LARAMIE, WY",5904,1.1%,27.5%
,"WOOD, WV",5433,1.4%,37.3%
,"KANAWHA, WV",4363,1.7%,32.8%
,"CHELAN, WA",5381,0.613%,24.8%
,"MANITOWOC, WI",5166,1.1%,27.3%
,"HARRISON, WV",5339,0.993%,35.3%
,"OZAUKEE, WI",5586,0.77%,13.6%
,"GRANT, WA",4872,0.862%,28.5%
,"PIERCE, WA",4598,0.283%,16%
,"JEFFERSON, WV",4505,0.844%,29.1%
,"MARION, WV",4144,0.965%,35.5%
,"MARINETTE, WI",3598,0.862%,27.6%
,"COWLITZ, WA",3722,1.6%,24.3%
,"EAU CLAIRE, WI",4303,0.744%,21.9%
,"FOND DU LAC, WI",3814,1.5%,25.4%
,"WHATCOM, WA",4320,0.718%,18.1%
,"OCONTO, WI",2961,0.777%,23.7%
,"DODGE, WI",3142,1.3%,22.2%
,"OHIO, WV",3107,0.837%,31%
,"MERCER, WV",2726,0.954%,38.1%
,"DOUGLAS, WA",2919,0.959%,24%
,"DOUGLAS, WI",2940,0.714%,21.6%
,"CABELL, WV",3586,0.502%,29.7%
,"JEFFERSON, WI",2685,1.6%,19.5%
,"CHIPPEWA, WI",2687,0.782%,23.8%
,"OKANOGAN, WA",2488,0.643%,23.6%
,"ISLAND, WA",1368,1.5%,22.3%
,"MONROE, WI",2372,1.1%,21.5%
,"COLUMBIA, WI",2131,1.3%,17.3%
,"YAKIMA, WA",2152,0.743%,24.3%
,"JACKSON, WV",2076,1.2%,38.5%
,"MARSHALL, WV",1939,0.722%,39.1%
,"SHAWANO, WI",1752,0.685%,26.3%
,"DOOR, WI",1225,-,23.5%
,"VERNON, WI",1734,0.807%,16.7%
,"TREMPEALEAU, WI",1965,0.712%,21.4%
,"PRESTON, WV",1410,1.4%,33.7%
,"UPSHUR, WV",1902,1.2%,35.4%
,"ALBANY, WY",2332,1.1%,18.5%
,"KEWAUNEE, WI",1663,-,21.3%
,"MINERAL, WV",1484,1.1%,35.6%
,"SAUK, WI",1356,1.6%,15.4%
,"GRANT, WI",1608,1.1%,23.1%
,"CALUMET, WI",1919,0.782%,19.7%
,"PUTNAM, WV",1518,2%,27.3%
,"NICHOLAS, WV",1365,1.4%,33.6%
,"HAMPSHIRE, WV",999,1.1%,33.8%
,"GREEN, WI",1288,1.1%,16%
,"JUNEAU, WI",1014,-,21.9%
,"WAYNE, WV",1556,1%,34.5%
,"RANDOLPH, WV",879,1.3%,35.9%
,"SAINT CROIX, WI",1120,-,16.1%
,"LEWIS, WV",993,-,38.6%
,"WETZEL, WV",1076,1.3%,42.9%
,"THURSTON, WA",1299,-,11%
,"WAUPACA, WI",1095,1.6%,26.1%
,"MORGAN, WV",808,-,35.9%
,"SAWYER, WI",857,1.4%,18.6%
,"JACKSON, WI",849,-,17.6%
,"BARRON, WI",864,-,23.8%
,"PIERCE, WI",1230,-,20.7%
,"HANCOCK, WV",747,1.5%,27.6%
,"RALEIGH, WV",915,3.6%,30.3%
,"TAYLOR, WV",846,1.8%,40.3%
,"DUNN, WI",1639,0.671%,20.2%
,"BROOKE, WV",751,-,33.8%
,"LINCOLN, WY",808,-,19.9%
,"BRAXTON, WV",785,1.8%,33.6%
,"ASHLAND, WI",879,1.3%,23.1%
,"MARATHON, WI",1242,-,16.9%
,"CRAWFORD, WI",793,-,19.2%
,"KLICKITAT, WA",703,2.1%,22%
,"BAYFIELD, WI",609,-,22.2%
,"BARBOUR, WV",693,-,36.4%
,"WASHBURN, WI",742,1.5%,24.5%
,"POLK, WI",709,-,17.5%
,"KITSAP, WA",1081,-,9.3%
,"ADAMS, WI",618,-,27.7%
,"FAYETTE, WV",697,2.3%,32.1%
,"PARK, WY",704,-,14.6%
,"WAUSHARA, WI",689,-,26.3%
,"KITTITAS, WA",744,-,13.7%
,"SWEETWATER, WY",563,-,14.9%
,"GRANT, WV",549,-,36.1%
,"HARDY, WV",540,-,39.4%
,"RICHLAND, WI",612,-,18.5%
,"IOWA, WI",552,-,14.5%
,"BUFFALO, WI",648,-,20.5%
,"BURNETT, WI",404,-,24%
,"RITCHIE, WV",527,-,36.8%
,"UINTA, WY",616,-,14.8%
,"MARQUETTE, WI",459,-,23.5%
,"MINGO, WV",494,-,42.5%
,"SPOKANE, WA",842,-,13.2%
,"MASON, WV",583,-,37.9%
,"PORTAGE, WI",726,1.9%,19.3%
,"MCDOWELL, WV",327,-,40.4%
,"CLAY, WV",511,-,29.4%
,"TYLER, WV",446,-,41.5%
,"GREENBRIER, WV",423,3.1%,26.5%
,"PACIFIC, WA",288,-,21.5%
,"RUSK, WI",429,-,25.9%
,"WOOD, WI",619,-,18.4%
,"GREEN LAKE, WI",494,3%,21.1%
,"WEBSTER, WV",379,-,40.9%
,"BOONE, WV",391,-,36.1%
,"LOGAN, WV",373,-,38.6%
,"CLARK, WI",415,-,16.6%
,"LINCOLN, WV",386,-,38.1%
,"SKAMANIA, WA",328,-,27.7%
,"PLEASANTS, WV",364,-,39%
,"LAFAYETTE, WI",401,-,14.2%
,"PENDLETON, WV",258,-,29.1%
,"CARBON, WY",297,-,27.9%
,"WYOMING, WV",269,-,29%
,"ROANE, WV",261,-,37.5%
,"DODDRIDGE, WV",342,-,40.9%
,"LEWIS, WA",375,-,19.7%
,"NATRONA, WY",448,-,17.9%
,"WIRT, WV",301,-,41.5%
,"BENTON, WA",389,-,16.5%
,"ADAMS, WA",320,-,23.1%
,"CAMPBELL, WY",297,-,17.5%
,"SAN JUAN, WA",155,-,17.4%
,"TUCKER, WV",193,-,32.6%
,"FREMONT, WY",301,-,17.3%
,"MONROE, WV",238,-,34%
,"POCAHONTAS, WV",218,-,29.4%
,"PEPIN, WI",244,-,23.4%
,"GILMER, WV",250,-,30.8%
,"CALHOUN, WV",200,-,38.5%
,"MENOMINEE, WI",243,-,32.9%
,"TETON, WY",237,-,5.9%
,"GOSHEN, WY",151,-,23.2%
,"FLORENCE, WI",165,-,26.1%
,"WHITMAN, WA",378,-,14.3%
,"ONEIDA, WI",215,-,12.6%
,"PLATTE, WY",122,-,25.4%
,"LANGLADE, WI",223,-,22%
,"CROOK, WY",152,-,19.1%
,"SUMMERS, WV",152,-,34.2%
,"WESTON, WY",149,-,11.4%
,"PRICE, WI",183,-,12%
,"MASON, WA",192,-,8.3%
,"WAHKIAKUM, WA",161,-,29.2%
,"CLALLAM, WA",145,-,13.1%
,"GRAYS HARBOR, WA",149,-,18.1%
,"BIG HORN, WY",171,-,19.9%
,"LINCOLN, WI",175,-,11.4%
,"VILAS, WI",112,-,15.2%
,"IRON, WI",156,-,17.9%
,"FOREST, WI",128,-,21.9%
,"SHERIDAN, WY",209,-,10.5%
,"FRANKLIN, WA",142,-,12.7%
,"TAYLOR, WI",121,-,15.7%
,"SUBLETTE, WY",89,-,12.4%
,"WALLA WALLA, WA",91,-,13.2%
,"JEFFERSON, WA",44,-,-
,"CONVERSE, WY",91,-,20.9%
,"WASHAKIE, WY",63,-,-
,"ASOTIN, WA",61,-,18%
,"LINCOLN, WA",49,-,-
,"FERRY, WA",26,-,-
,"STEVENS, WA",45,-,-
,"JOHNSON, WY",47,-,-
,"HOT SPRINGS, WY",35,-,-
,"NIOBRARA, WY",16,-,-
,"PEND OREILLE, WA",15,-,-
,"COLUMBIA, WA",10 or fewer,-,-
,"GARFIELD, WA",10 or fewer,-,-
,None of the above,34789,0.414%,15%
,Total,577035,0.91%,22.4%
≥ 25 and < 35,"KING, WA",133150,1.2%,23.1%
,"MILWAUKEE, WI",90503,2.2%,42.3%
,"DANE, WI",69754,1.5%,27%
,"BROWN, WI",39123,1.5%,39.2%
,"CLARK, WA",31335,0.916%,28.4%
,"WAUKESHA, WI",19860,1.2%,33%
,"SNOHOMISH, WA",27696,1.1%,31.1%
,"RACINE, WI",15053,1.9%,46%
,"BERKELEY, WV",15822,1.8%,54.1%
,"KENOSHA, WI",14051,2.2%,47.4%
,"ROCK, WI",14069,1.9%,43.9%
,"SHEBOYGAN, WI",12740,1.9%,44.8%
,"SKAGIT, WA",11264,1.9%,46.9%
,"WINNEBAGO, WI",12291,1.6%,42.7%
,"LA CROSSE, WI",11974,1.4%,34.5%
,"WALWORTH, WI",8694,1.5%,44.4%
,"WASHINGTON, WI",8207,1.2%,36.4%
,"MONONGALIA, WV",14135,1.5%,40.5%
,"OUTAGAMIE, WI",10716,1.1%,37.4%
,"LARAMIE, WY",9155,1.6%,45.8%
,"WOOD, WV",8165,2.6%,55.7%
,"KANAWHA, WV",5702,2%,46.7%
,"CHELAN, WA",7874,2%,41%
,"MANITOWOC, WI",7740,1.9%,47.8%
,"HARRISON, WV",7388,2.2%,54%
,"OZAUKEE, WI",5888,1.1%,31.4%
,"GRANT, WA",6769,2.1%,48.7%
,"PIERCE, WA",10401,1.2%,29.5%
,"JEFFERSON, WV",5680,1.4%,48.3%
,"MARION, WV",6363,1.9%,53.5%
,"MARINETTE, WI",4693,1.5%,45.5%
,"COWLITZ, WA",6596,2%,39.6%
,"EAU CLAIRE, WI",6509,1.5%,36.9%
,"FOND DU LAC, WI",5391,1.4%,43.4%
,"WHATCOM, WA",7169,1.5%,26.1%
,"OCONTO, WI",3487,1.2%,43.8%
,"DODGE, WI",4079,1.8%,40.5%
,"OHIO, WV",3898,2%,47.7%
,"MERCER, WV",3847,2.1%,53.6%
,"DOUGLAS, WA",4255,1.8%,42.8%
,"DOUGLAS, WI",4517,1.6%,42.6%
,"CABELL, WV",4835,1.1%,45.9%
,"JEFFERSON, WI",3636,1.7%,39.6%
,"CHIPPEWA, WI",3824,1.3%,43.1%
,"OKANOGAN, WA",2849,1.6%,39.5%
,"ISLAND, WA",3126,1.4%,35.9%
,"MONROE, WI",3307,2.1%,40.9%
,"COLUMBIA, WI",2935,2.3%,36.1%
,"YAKIMA, WA",2145,2.4%,34.5%
,"JACKSON, WV",2566,1.9%,57.2%
,"MARSHALL, WV",2646,2.5%,55.9%
,"SHAWANO, WI",2376,2.1%,44.4%
,"DOOR, WI",1729,1.2%,36.4%
,"VERNON, WI",2011,1.9%,38.6%
,"TREMPEALEAU, WI",2738,0.986%,39.3%
,"PRESTON, WV",2233,2.1%,56.2%
,"UPSHUR, WV",2407,2.2%,51.2%
,"ALBANY, WY",3177,1.2%,28.1%
,"KEWAUNEE, WI",2041,0.98%,43.2%
,"MINERAL, WV",1992,2.7%,51.3%
,"SAUK, WI",1981,2.2%,32.3%
,"GRANT, WI",2006,1.8%,38%
,"CALUMET, WI",2364,1.6%,41.6%
,"PUTNAM, WV",1612,1.1%,46.2%
,"NICHOLAS, WV",1806,2.8%,51.1%
,"HAMPSHIRE, WV",1475,1.4%,47.8%
,"GREEN, WI",1529,1.6%,32.5%
,"JUNEAU, WI",1370,2.8%,38.7%
,"WAYNE, WV",1768,1.5%,48.6%
,"RANDOLPH, WV",1354,2.9%,51.5%
,"SAINT CROIX, WI",1348,1.1%,32.1%
,"LEWIS, WV",1477,4.1%,51.2%
,"WETZEL, WV",1469,2.9%,58.7%
,"THURSTON, WA",2672,0.599%,15.1%
,"WAUPACA, WI",1504,1.9%,43.4%
,"MORGAN, WV",1223,1.7%,50.9%
,"SAWYER, WI",959,2.3%,40.9%
,"JACKSON, WI",1259,1.4%,34.3%
,"BARRON, WI",1257,1.3%,38.3%
,"PIERCE, WI",1085,2%,36.3%
,"HANCOCK, WV",840,1.8%,47.5%
,"RALEIGH, WV",820,2.9%,47.7%
,"TAYLOR, WV",1189,2%,56%
,"DUNN, WI",1649,0.91%,33.5%
,"BROOKE, WV",874,3%,50.9%
,"LINCOLN, WY",959,1.4%,36.3%
,"BRAXTON, WV",1115,2.7%,53.6%
,"ASHLAND, WI",1239,2.1%,40%
,"MARATHON, WI",1359,-,34.7%
,"CRAWFORD, WI",954,1.6%,37.2%
,"KLICKITAT, WA",992,1.7%,30.7%
,"BAYFIELD, WI",764,-,40.8%
,"BARBOUR, WV",1071,2%,58.7%
,"WASHBURN, WI",762,1.8%,46.2%
,"POLK, WI",965,2.1%,38.5%
,"KITSAP, WA",1987,-,20.4%
,"ADAMS, WI",835,2.3%,40.2%
,"FAYETTE, WV",762,1.8%,46.7%
,"PARK, WY",866,-,30.8%
,"WAUSHARA, WI",886,2.3%,45.3%
,"KITTITAS, WA",1121,1.8%,26.2%
,"SWEETWATER, WY",727,3%,39.2%
,"GRANT, WV",841,-,51.7%
,"HARDY, WV",787,1.4%,50.7%
,"RICHLAND, WI",638,-,32.3%
,"IOWA, WI",892,1.8%,33.6%
,"BUFFALO, WI",765,-,39.3%
,"BURNETT, WI",499,-,45.9%
,"RITCHIE, WV",730,2.1%,59.6%
,"UINTA, WY",627,2.2%,34.4%
,"MARQUETTE, WI",555,-,40%
,"MINGO, WV",650,3.1%,54.5%
,"SPOKANE, WA",1040,1.2%,24.7%
,"MASON, WV",665,-,51.3%
,"PORTAGE, WI",887,2.1%,25.9%
,"MCDOWELL, WV",538,-,55.2%
,"CLAY, WV",557,4.5%,38.4%
,"TYLER, WV",537,2.8%,60.3%
,"GREENBRIER, WV",426,-,43.7%
,"PACIFIC, WA",447,-,30.2%
,"RUSK, WI",545,-,42%
,"WOOD, WI",726,1.9%,33.1%
,"GREEN LAKE, WI",621,1.8%,45.9%
,"WEBSTER, WV",476,3.6%,60.1%
,"BOONE, WV",374,-,50.8%
,"LOGAN, WV",452,-,48.2%
,"CLARK, WI",557,-,37.5%
,"LINCOLN, WV",475,-,46.1%
,"SKAMANIA, WA",443,-,40.4%
,"PLEASANTS, WV",517,5.6%,59.6%
,"LAFAYETTE, WI",482,-,31.7%
,"PENDLETON, WV",370,-,52.2%
,"CARBON, WY",509,-,36.5%
,"WYOMING, WV",304,-,37.2%
,"ROANE, WV",386,2.8%,51.6%
,"DODDRIDGE, WV",457,4.2%,55.6%
,"LEWIS, WA",759,2%,29.2%
,"NATRONA, WY",349,3.7%,35%
,"WIRT, WV",405,3%,64.4%
,"BENTON, WA",607,-,30.1%
,"ADAMS, WA",468,-,38.5%
,"CAMPBELL, WY",356,3.1%,32.3%
,"SAN JUAN, WA",225,-,18.2%
,"TUCKER, WV",324,-,57.7%
,"FREMONT, WY",276,-,35.1%
,"MONROE, WV",284,-,53.2%
,"POCAHONTAS, WV",289,-,31.8%
,"PEPIN, WI",321,-,47.4%
,"GILMER, WV",308,-,50.6%
,"CALHOUN, WV",283,-,57.6%
,"MENOMINEE, WI",425,4%,50.4%
,"TETON, WY",266,-,15%
,"GOSHEN, WY",181,-,38.7%
,"FLORENCE, WI",193,-,44%
,"WHITMAN, WA",510,-,23.7%
,"ONEIDA, WI",236,-,27.5%
,"PLATTE, WY",183,-,35.5%
,"LANGLADE, WI",217,-,38.2%
,"CROOK, WY",210,-,25.7%
,"SUMMERS, WV",158,-,53.2%
,"WESTON, WY",202,-,37.6%
,"PRICE, WI",260,-,34.6%
,"MASON, WA",355,-,18.6%
,"WAHKIAKUM, WA",193,-,41.5%
,"CLALLAM, WA",276,-,18.1%
,"GRAYS HARBOR, WA",271,-,25.5%
,"BIG HORN, WY",175,-,29.7%
,"LINCOLN, WI",199,-,29.6%
,"VILAS, WI",139,-,30.9%
,"IRON, WI",142,-,42.3%
,"FOREST, WI",177,-,32.2%
,"SHERIDAN, WY",166,-,28.3%
,"FRANKLIN, WA",234,-,34.2%
,"TAYLOR, WI",168,-,36.9%
,"SUBLETTE, WY",95,-,25.3%
,"WALLA WALLA, WA",127,-,22%
,"JEFFERSON, WA",108,-,15.7%
,"CONVERSE, WY",69,-,34.8%
,"WASHAKIE, WY",72,-,23.6%
,"ASOTIN, WA",70,-,32.9%
,"LINCOLN, WA",53,-,37.7%
,"FERRY, WA",31,-,35.5%
,"STEVENS, WA",55,-,29.1%
,"JOHNSON, WY",49,-,22.4%
,"HOT SPRINGS, WY",28,-,-
,"NIOBRARA, WY",19,-,-
,"PEND OREILLE, WA",16,-,-
,"COLUMBIA, WA",10 or fewer,-,-
,"GARFIELD, WA",10 or fewer,-,-
,None of the above,48361,0.941%,24.3%
,Total,882558,1.6%,36.3%
≥ 35 and < 45,"KING, WA",132209,2.9%,29.7%
,"MILWAUKEE, WI",80629,5.6%,52.3%
,"DANE, WI",63177,3.4%,37.1%
,"BROWN, WI",39890,3.3%,49.1%
,"CLARK, WA",30935,2.1%,32.8%
,"WAUKESHA, WI",22685,2.5%,42.1%
,"SNOHOMISH, WA",31286,2.7%,35.4%
,"RACINE, WI",15348,4.5%,56.1%
,"BERKELEY, WV",16637,4.3%,59.2%
,"KENOSHA, WI",13864,4.9%,55.9%
,"ROCK, WI",14056,5.1%,52.8%
,"SHEBOYGAN, WI",13277,4.5%,54.2%
,"SKAGIT, WA",11556,3.9%,49.7%
,"WINNEBAGO, WI",12083,3.7%,50.8%
,"LA CROSSE, WI",11348,3.2%,46.3%
,"WALWORTH, WI",9180,4%,54.7%
,"WASHINGTON, WI",9134,3%,45.6%
,"MONONGALIA, WV",11301,3.6%,49.5%
,"OUTAGAMIE, WI",10837,2.9%,46%
,"LARAMIE, WY",9103,4.7%,52.5%
,"WOOD, WV",8472,6.1%,59.7%
,"KANAWHA, WV",6308,3.6%,52.8%
,"CHELAN, WA",8832,3.9%,43.2%
,"MANITOWOC, WI",8212,3.9%,56.1%
,"HARRISON, WV",7671,5.9%,58.8%
,"OZAUKEE, WI",7516,2.5%,40.4%
,"GRANT, WA",6883,4.3%,54.9%
,"PIERCE, WA",10225,2.8%,35.7%
,"JEFFERSON, WV",6613,3.5%,54.5%
,"MARION, WV",6171,5.3%,58.6%
,"MARINETTE, WI",5434,3.4%,53.6%
,"COWLITZ, WA",6593,4.7%,46.1%
,"EAU CLAIRE, WI",6474,2.9%,43.2%
,"FOND DU LAC, WI",5426,3.9%,51.3%
,"WHATCOM, WA",5996,3.4%,31.5%
,"OCONTO, WI",4596,2.9%,54.7%
,"DODGE, WI",4425,4.8%,50.1%
,"OHIO, WV",4487,4.5%,52.2%
,"MERCER, WV",3827,3.4%,52.2%
,"DOUGLAS, WA",4527,4.1%,50.1%
,"DOUGLAS, WI",4581,3.6%,55.3%
,"CABELL, WV",4459,2.8%,48.4%
,"JEFFERSON, WI",4166,3.6%,48.7%
,"CHIPPEWA, WI",4619,2.7%,49.7%
,"OKANOGAN, WA",3629,3.6%,43.8%
,"ISLAND, WA",3617,2.8%,42.5%
,"MONROE, WI",3750,4.3%,49.6%
,"COLUMBIA, WI",3442,4.1%,45.4%
,"YAKIMA, WA",2116,5.9%,42.7%
,"JACKSON, WV",2758,5.9%,62.4%
,"MARSHALL, WV",2679,6.5%,57.5%
,"SHAWANO, WI",2590,3.1%,52.9%
,"DOOR, WI",2078,3.2%,47.4%
,"VERNON, WI",2447,2.9%,44.4%
,"TREMPEALEAU, WI",2931,3.7%,45.4%
,"PRESTON, WV",2407,4.2%,56.7%
,"UPSHUR, WV",2487,6.3%,57.1%
,"ALBANY, WY",2550,2.5%,36%
,"KEWAUNEE, WI",2377,3%,53.7%
,"MINERAL, WV",2072,5.1%,58.2%
,"SAUK, WI",2275,3.4%,39.3%
,"GRANT, WI",2179,3.2%,47.8%
,"CALUMET, WI",2606,3%,48.8%
,"PUTNAM, WV",1871,2.1%,50.1%
,"NICHOLAS, WV",2064,4.6%,54.7%
,"HAMPSHIRE, WV",1556,3.4%,51.4%
,"GREEN, WI",1838,3.8%,43.4%
,"JUNEAU, WI",1585,3.5%,45.6%
,"WAYNE, WV",1544,4.1%,49.6%
,"RANDOLPH, WV",1354,4.1%,56.1%
,"SAINT CROIX, WI",1662,2.9%,37.3%
,"LEWIS, WV",1583,9.2%,60.6%
,"WETZEL, WV",1374,8.8%,63.6%
,"THURSTON, WA",2393,1.3%,19.5%
,"WAUPACA, WI",1525,2.9%,49.6%
,"MORGAN, WV",1338,4.6%,55.8%
,"SAWYER, WI",1168,4.8%,47.3%
,"JACKSON, WI",1607,3.3%,37.4%
,"BARRON, WI",1422,2.4%,42.8%
,"PIERCE, WI",1191,3.3%,50%
,"HANCOCK, WV",962,2.5%,53.5%
,"RALEIGH, WV",922,3.3%,52.7%
,"TAYLOR, WV",1250,5.4%,63.2%
,"DUNN, WI",1461,3.3%,42.5%
,"BROOKE, WV",972,5.1%,54.6%
,"LINCOLN, WY",1187,1.7%,39.5%
,"BRAXTON, WV",1203,7.3%,58.5%
,"ASHLAND, WI",1323,3.8%,44.7%
,"MARATHON, WI",1326,2.6%,40.6%
,"CRAWFORD, WI",1169,2.7%,45.9%
,"KLICKITAT, WA",1379,3.3%,33%
,"BAYFIELD, WI",1031,4.5%,45.5%
,"BARBOUR, WV",996,5.6%,61.7%
,"WASHBURN, WI",972,3.9%,51.6%
,"POLK, WI",1101,2.6%,41.7%
,"KITSAP, WA",1589,1.3%,24.9%
,"ADAMS, WI",944,5.6%,46.8%
,"FAYETTE, WV",851,5.1%,52.8%
,"PARK, WY",1109,1.9%,29.9%
,"WAUSHARA, WI",955,5%,50.3%
,"KITTITAS, WA",1221,2.7%,28.9%
,"SWEETWATER, WY",1052,4.1%,42%
,"GRANT, WV",810,5.3%,56.8%
,"HARDY, WV",819,3.3%,52.5%
,"RICHLAND, WI",846,3.7%,40.5%
,"IOWA, WI",984,2.7%,42%
,"BUFFALO, WI",922,4.6%,49.3%
,"BURNETT, WI",647,4%,52.9%
,"RITCHIE, WV",773,5.2%,62.9%
,"UINTA, WY",870,2.2%,36.9%
,"MARQUETTE, WI",793,3.8%,47.7%
,"MINGO, WV",726,4%,57%
,"SPOKANE, WA",960,2.6%,32.7%
,"MASON, WV",689,2.8%,56.5%
,"PORTAGE, WI",790,3.4%,36.2%
,"MCDOWELL, WV",552,4.7%,52.4%
,"CLAY, WV",652,8.9%,43.9%
,"TYLER, WV",612,8.8%,65.7%
,"GREENBRIER, WV",489,3.9%,49.7%
,"PACIFIC, WA",533,4.5%,36.8%
,"RUSK, WI",646,4.2%,45.2%
,"WOOD, WI",730,4%,45.5%
,"GREEN LAKE, WI",653,3.5%,51%
,"WEBSTER, WV",524,5.7%,59.2%
,"BOONE, WV",393,5.3%,60.1%
,"LOGAN, WV",432,3.5%,53.7%
,"CLARK, WI",557,-,49%
,"LINCOLN, WV",501,4.2%,51.7%
,"SKAMANIA, WA",639,2.8%,44.1%
,"PLEASANTS, WV",513,8.2%,64.1%
,"LAFAYETTE, WI",539,-,38%
,"PENDLETON, WV",415,-,55.4%
,"CARBON, WY",559,-,42.6%
,"WYOMING, WV",388,-,29.9%
,"ROANE, WV",417,4.3%,54.9%
,"DODDRIDGE, WV",505,6.3%,63.4%
,"LEWIS, WA",624,2.1%,33.2%
,"NATRONA, WY",459,-,38.3%
,"WIRT, WV",460,5.7%,63.3%
,"BENTON, WA",543,2.9%,37.8%
,"ADAMS, WA",502,2.4%,48%
,"CAMPBELL, WY",462,2.4%,37.7%
,"SAN JUAN, WA",351,-,26.5%
,"TUCKER, WV",331,4.8%,59.2%
,"FREMONT, WY",408,4.7%,33.6%
,"MONROE, WV",303,-,45.9%
,"POCAHONTAS, WV",335,6.6%,40%
,"PEPIN, WI",406,6.7%,45.6%
,"GILMER, WV",361,5.3%,60.1%
,"CALHOUN, WV",338,4.7%,64.2%
,"MENOMINEE, WI",473,9.3%,57.5%
,"TETON, WY",363,-,17.6%
,"GOSHEN, WY",250,6%,48%
,"FLORENCE, WI",257,-,48.2%
,"WHITMAN, WA",370,-,25.9%
,"ONEIDA, WI",244,-,38.1%
,"PLATTE, WY",221,5%,48.4%
,"LANGLADE, WI",239,-,39.7%
,"CROOK, WY",253,-,29.6%
,"SUMMERS, WV",174,-,46.6%
,"WESTON, WY",238,-,38.2%
,"PRICE, WI",301,-,33.2%
,"MASON, WA",292,-,22.9%
,"WAHKIAKUM, WA",232,5.6%,50%
,"CLALLAM, WA",262,-,30.5%
,"GRAYS HARBOR, WA",286,-,28.7%
,"BIG HORN, WY",215,-,32.6%
,"LINCOLN, WI",226,-,46.9%
,"VILAS, WI",174,-,37.4%
,"IRON, WI",194,5.7%,43.8%
,"FOREST, WI",179,-,40.2%
,"SHERIDAN, WY",174,-,32.2%
,"FRANKLIN, WA",195,-,33.8%
,"TAYLOR, WI",169,-,47.3%
,"SUBLETTE, WY",134,-,27.6%
,"WALLA WALLA, WA",141,-,29.1%
,"JEFFERSON, WA",121,-,21.5%
,"CONVERSE, WY",106,-,50%
,"WASHAKIE, WY",84,-,28.6%
,"ASOTIN, WA",71,-,35.2%
,"LINCOLN, WA",87,-,51.7%
,"FERRY, WA",40,-,30%
,"STEVENS, WA",54,-,29.6%
,"JOHNSON, WY",42,-,-
,"HOT SPRINGS, WY",30,-,-
,"NIOBRARA, WY",26,-,-
,"PEND OREILLE, WA",21,-,-
,"COLUMBIA, WA",10 or fewer,-,-
,"GARFIELD, WA",10 or fewer,-,-
,None of the above,60024,2.3%,29.1%
,Total,902827,3.6%,43.5%
≥ 45 and < 55,"KING, WA",99332,6.7%,33.7%
,"MILWAUKEE, WI",65539,12.7%,57%
,"DANE, WI",49688,6.9%,40.9%
,"BROWN, WI",35142,7.1%,52.5%
,"CLARK, WA",26099,5.1%,36%
,"WAUKESHA, WI",21436,5.9%,45%
,"SNOHOMISH, WA",22088,6.1%,39.9%
,"RACINE, WI",13978,9.7%,58.5%
,"BERKELEY, WV",15238,10%,62.3%
,"KENOSHA, WI",13185,10.3%,58.8%
,"ROCK, WI",12974,11.3%,57.2%
,"SHEBOYGAN, WI",12337,10.2%,57.4%
,"SKAGIT, WA",9947,9.1%,53.4%
,"WINNEBAGO, WI",10221,8.2%,54.1%
,"LA CROSSE, WI",9401,7.4%,51.1%
,"WALWORTH, WI",9064,9.1%,59.1%
,"WASHINGTON, WI",9102,5.7%,49%
,"MONONGALIA, WV",8641,8.4%,55.7%
,"OUTAGAMIE, WI",9303,6.2%,50.7%
,"LARAMIE, WY",7769,10.6%,57.2%
,"WOOD, WV",8780,14.3%,64.6%
,"KANAWHA, WV",8228,7.5%,57.3%
,"CHELAN, WA",7980,8.2%,47.2%
,"MANITOWOC, WI",7609,10%,59%
,"HARRISON, WV",8387,14%,63.6%
,"OZAUKEE, WI",7026,5.5%,43.5%
,"GRANT, WA",6714,9.6%,57.9%
,"PIERCE, WA",7381,5.3%,39.5%
,"JEFFERSON, WV",6806,8.8%,58.2%
,"MARION, WV",6490,11.9%,65.3%
,"MARINETTE, WI",5228,7.6%,59.8%
,"COWLITZ, WA",5580,11.2%,49.8%
,"EAU CLAIRE, WI",4948,6.8%,46.6%
,"FOND DU LAC, WI",4845,8.8%,56.6%
,"WHATCOM, WA",4682,7.2%,35.2%
,"OCONTO, WI",4695,6.4%,57.9%
,"DODGE, WI",4544,9.8%,55.6%
,"OHIO, WV",4533,9.4%,58%
,"MERCER, WV",5025,7.4%,55.1%
,"DOUGLAS, WA",4157,8.7%,53.8%
,"DOUGLAS, WI",4150,7.3%,57.4%
,"CABELL, WV",4410,5.9%,50%
,"JEFFERSON, WI",4240,8%,53.3%
,"CHIPPEWA, WI",4105,6.5%,52%
,"OKANOGAN, WA",3613,7.6%,45.9%
,"ISLAND, WA",3142,5.6%,45.5%
,"MONROE, WI",3110,9.7%,55.7%
,"COLUMBIA, WI",3450,8.1%,50.8%
,"YAKIMA, WA",1885,11.8%,44.2%
,"JACKSON, WV",3051,11.8%,66.1%
,"MARSHALL, WV",3016,14%,63.7%
,"SHAWANO, WI",2668,9.1%,59.7%
,"DOOR, WI",2264,6.3%,49.2%
,"VERNON, WI",2411,6.3%,48.8%
,"TREMPEALEAU, WI",2468,8.3%,53.3%
,"PRESTON, WV",2545,9.5%,61.4%
,"UPSHUR, WV",2621,14.6%,62.5%
,"ALBANY, WY",2242,6.9%,41.9%
,"KEWAUNEE, WI",2471,6.5%,57.5%
,"MINERAL, WV",2396,10.9%,62.4%
,"SAUK, WI",2256,6.1%,45.2%
,"GRANT, WI",2187,7%,52.4%
,"CALUMET, WI",2570,6.8%,52.1%
,"PUTNAM, WV",2221,4.1%,55.2%
,"NICHOLAS, WV",2620,11.5%,60.9%
,"HAMPSHIRE, WV",1940,6.6%,53.1%
,"GREEN, WI",1910,8.3%,48%
,"JUNEAU, WI",1661,8.4%,51.8%
,"WAYNE, WV",1747,8.9%,50.9%
,"RANDOLPH, WV",1798,8.6%,62%
,"SAINT CROIX, WI",1814,5.5%,43.6%
,"LEWIS, WV",1846,16.8%,64.9%
,"WETZEL, WV",1544,18.3%,70.1%
,"THURSTON, WA",1661,3.4%,25%
,"WAUPACA, WI",1491,7.3%,55.7%
,"MORGAN, WV",1547,8.9%,59.6%
,"SAWYER, WI",1269,8.4%,49.8%
,"JACKSON, WI",1479,5.9%,42.3%
,"BARRON, WI",1281,5.1%,46.3%
,"PIERCE, WI",1348,5.1%,56.5%
,"HANCOCK, WV",1264,8.2%,54.5%
,"RALEIGH, WV",1484,8%,56.5%
,"TAYLOR, WV",1483,11.3%,66.9%
,"DUNN, WI",1364,5%,44.1%
,"BROOKE, WV",1291,11.1%,57%
,"LINCOLN, WY",1318,5.8%,44.8%
,"BRAXTON, WV",1397,14.7%,62.3%
,"ASHLAND, WI",1216,8.8%,51.6%
,"MARATHON, WI",1268,3.1%,46.4%
,"CRAWFORD, WI",1192,7.3%,51.2%
,"KLICKITAT, WA",1274,8.8%,42.8%
,"BAYFIELD, WI",1037,7.4%,49.8%
,"BARBOUR, WV",1369,12%,67.1%
,"WASHBURN, WI",1050,8.3%,55.2%
,"POLK, WI",1120,6.8%,42.9%
,"KITSAP, WA",1215,2.9%,31.6%
,"ADAMS, WI",1082,11.2%,56.7%
,"FAYETTE, WV",1349,9.6%,59.7%
,"PARK, WY",1092,3.1%,33.2%
,"WAUSHARA, WI",1062,10.5%,55.6%
,"KITTITAS, WA",1182,5.8%,34.5%
,"SWEETWATER, WY",1146,7.6%,48.8%
,"GRANT, WV",1073,8.6%,60.8%
,"HARDY, WV",1103,6.7%,56.6%
,"RICHLAND, WI",921,6.9%,47%
,"IOWA, WI",938,6%,49.7%
,"BUFFALO, WI",893,6%,49.7%
,"BURNETT, WI",741,7%,51.6%
,"RITCHIE, WV",988,12.2%,65.3%
,"UINTA, WY",930,6.1%,41.8%
,"MARQUETTE, WI",894,10.7%,56.7%
,"MINGO, WV",1069,8.1%,60.1%
,"SPOKANE, WA",810,4.1%,40%
,"MASON, WV",841,7.4%,54.7%
,"PORTAGE, WI",631,7.6%,40.9%
,"MCDOWELL, WV",918,7.6%,58%
,"CLAY, WV",895,17.3%,51.1%
,"TYLER, WV",755,16.8%,71.1%
,"GREENBRIER, WV",693,5.9%,56.9%
,"PACIFIC, WA",565,10.1%,45.5%
,"RUSK, WI",685,10.1%,52.8%
,"WOOD, WI",605,7.9%,46.9%
,"GREEN LAKE, WI",662,11.3%,56%
,"WEBSTER, WV",751,10.9%,67.4%
,"BOONE, WV",699,7.6%,58.8%
,"LOGAN, WV",786,5.2%,56.6%
,"CLARK, WI",593,6.2%,49.6%
,"LINCOLN, WV",701,7.7%,61.2%
,"SKAMANIA, WA",604,6.1%,51.3%
,"PLEASANTS, WV",655,13.6%,69.9%
,"LAFAYETTE, WI",436,6.4%,47.9%
,"PENDLETON, WV",548,7.8%,64.6%
,"CARBON, WY",572,4.7%,45.6%
,"WYOMING, WV",683,3.2%,34.8%
,"ROANE, WV",598,10.5%,61.4%
,"DODDRIDGE, WV",629,14%,65.2%
,"LEWIS, WA",538,5.2%,38.3%
,"NATRONA, WY",496,7.5%,43.3%
,"WIRT, WV",546,12.6%,67.4%
,"BENTON, WA",531,4.5%,43.3%
,"ADAMS, WA",537,5.4%,54.4%
,"CAMPBELL, WY",527,7.4%,44.2%
,"SAN JUAN, WA",426,2.6%,26.8%
,"TUCKER, WV",452,7.3%,57.3%
,"FREMONT, WY",416,5.5%,45.7%
,"MONROE, WV",522,4.2%,44.6%
,"POCAHONTAS, WV",479,13.4%,42.8%
,"PEPIN, WI",385,9.9%,52.5%
,"GILMER, WV",501,10.6%,66.5%
,"CALHOUN, WV",442,12.7%,68.1%
,"MENOMINEE, WI",346,20.5%,60.4%
,"TETON, WY",412,-,19.4%
,"GOSHEN, WY",260,8.8%,56.5%
,"FLORENCE, WI",288,-,50.3%
,"WHITMAN, WA",300,-,28%
,"ONEIDA, WI",242,5%,43%
,"PLATTE, WY",226,8.4%,50.9%
,"LANGLADE, WI",264,6.1%,51.5%
,"CROOK, WY",261,6.5%,41.8%
,"SUMMERS, WV",329,3.6%,58.1%
,"WESTON, WY",264,6.4%,44.7%
,"PRICE, WI",374,2.9%,38.5%
,"MASON, WA",263,-,30.8%
,"WAHKIAKUM, WA",235,9.4%,55.7%
,"CLALLAM, WA",197,-,34%
,"GRAYS HARBOR, WA",255,7.8%,40.8%
,"BIG HORN, WY",232,-,38.8%
,"LINCOLN, WI",225,5.8%,49.3%
,"VILAS, WI",176,-,43.2%
,"IRON, WI",235,6.4%,51.1%
,"FOREST, WI",196,10.2%,49%
,"SHERIDAN, WY",188,-,34.6%
,"FRANKLIN, WA",216,7.9%,48.6%
,"TAYLOR, WI",165,-,43.6%
,"SUBLETTE, WY",180,-,42.2%
,"WALLA WALLA, WA",147,-,42.2%
,"JEFFERSON, WA",93,-,26.9%
,"CONVERSE, WY",111,-,46.8%
,"WASHAKIE, WY",101,-,38.6%
,"ASOTIN, WA",70,-,32.9%
,"LINCOLN, WA",94,-,54.3%
,"FERRY, WA",65,-,36.9%
,"STEVENS, WA",66,-,42.4%
,"JOHNSON, WY",46,-,32.6%
,"HOT SPRINGS, WY",59,-,35.6%
,"NIOBRARA, WY",40,-,55%
,"PEND OREILLE, WA",24,-,-
,"COLUMBIA, WA",10 or fewer,-,-
,"GARFIELD, WA",10 or fewer,-,-
,None of the above,56778,4.8%,33.6%
,Total,804528,8.1%,48.4%
≥ 55 and < 65,"KING, WA",92663,10.7%,35%
,"MILWAUKEE, WI",65482,18.3%,56.4%
,"DANE, WI",46914,10.7%,43.4%
,"BROWN, WI",38197,10.3%,52.1%
,"CLARK, WA",25905,8.3%,37.7%
,"WAUKESHA, WI",26081,8.6%,45.1%
,"SNOHOMISH, WA",22887,8.7%,38.8%
,"RACINE, WI",16623,14.3%,57.1%
,"BERKELEY, WV",16493,15.8%,62%
,"KENOSHA, WI",15028,15.8%,57.5%
,"ROCK, WI",14596,15.6%,55.9%
,"SHEBOYGAN, WI",15123,14.4%,56.6%
,"SKAGIT, WA",11230,13.3%,51.8%
,"WINNEBAGO, WI",11441,12.7%,54.8%
,"LA CROSSE, WI",9927,11.3%,52.8%
,"WALWORTH, WI",11873,13.8%,56.7%
,"WASHINGTON, WI",11968,9%,49.1%
,"MONONGALIA, WV",8120,13.8%,55.7%
,"OUTAGAMIE, WI",9756,9.6%,50.7%
,"LARAMIE, WY",9049,16.8%,56.3%
,"WOOD, WV",10223,22.4%,65.7%
,"KANAWHA, WV",10094,9.7%,53.9%
,"CHELAN, WA",8889,13.4%,49.5%
,"MANITOWOC, WI",10072,13.7%,57.9%
,"HARRISON, WV",8981,20.3%,64.2%
,"OZAUKEE, WI",8304,8.3%,44.3%
,"GRANT, WA",7761,15%,58.5%
,"PIERCE, WA",7321,8.3%,39%
,"JEFFERSON, WV",7883,14.1%,58.2%
,"MARION, WV",6809,17.4%,63.8%
,"MARINETTE, WI",7537,10.9%,59.4%
,"COWLITZ, WA",6473,14.9%,47.2%
,"EAU CLAIRE, WI",5217,9.8%,46.3%
,"FOND DU LAC, WI",5725,12.4%,54.9%
,"WHATCOM, WA",5009,10.3%,34.9%
,"OCONTO, WI",6430,10.2%,57.5%
,"DODGE, WI",5995,12.5%,55%
,"OHIO, WV",5116,17.3%,57.7%
,"MERCER, WV",5648,10.8%,53.3%
,"DOUGLAS, WA",4539,14.7%,54.4%
,"DOUGLAS, WI",4831,11.9%,54.9%
,"CABELL, WV",3980,8.1%,45.6%
,"JEFFERSON, WI",5436,11.8%,52.4%
,"CHIPPEWA, WI",4959,10.4%,49.9%
,"OKANOGAN, WA",4527,13.6%,49.3%
,"ISLAND, WA",4345,9.5%,45.2%
,"MONROE, WI",3534,14.5%,57.4%
,"COLUMBIA, WI",4534,12.1%,51.1%
,"YAKIMA, WA",2212,14.3%,40.8%
,"JACKSON, WV",3540,18%,62.9%
,"MARSHALL, WV",3505,19.2%,62.5%
,"SHAWANO, WI",3621,11.7%,58.3%
,"DOOR, WI",3556,9.2%,48.8%
,"VERNON, WI",3066,9.4%,53.1%
,"TREMPEALEAU, WI",2886,13.1%,55.1%
,"PRESTON, WV",3130,13.5%,61.7%
,"UPSHUR, WV",2974,22.9%,63.2%
,"ALBANY, WY",2298,10.6%,42.8%
,"KEWAUNEE, WI",3025,9.9%,57.3%
,"MINERAL, WV",2989,16.4%,62%
,"SAUK, WI",3139,8.7%,46%
,"GRANT, WI",2825,10.4%,53.4%
,"CALUMET, WI",2803,9.8%,53.4%
,"PUTNAM, WV",2490,7.2%,55.4%
,"NICHOLAS, WV",2982,19.3%,62.4%
,"HAMPSHIRE, WV",2717,10.6%,51.7%
,"GREEN, WI",2211,11.2%,49.4%
,"JUNEAU, WI",2441,10.8%,51.2%
,"WAYNE, WV",1813,10.3%,48.5%
,"RANDOLPH, WV",2454,13.2%,59.9%
,"SAINT CROIX, WI",2319,7.3%,45.1%
,"LEWIS, WV",2154,23%,63.5%
,"WETZEL, WV",2066,25.8%,67.3%
,"THURSTON, WA",1575,4.7%,27.1%
,"WAUPACA, WI",1863,9.9%,54.2%
,"MORGAN, WV",2173,14.8%,55%
,"SAWYER, WI",2000,11%,47.3%
,"JACKSON, WI",1859,10.3%,44.4%
,"BARRON, WI",1704,8%,47.1%
,"PIERCE, WI",1811,8.4%,54.1%
,"HANCOCK, WV",1779,9.1%,52.3%
,"RALEIGH, WV",1664,8.5%,56.8%
,"TAYLOR, WV",1761,17.2%,65%
,"DUNN, WI",1439,7.7%,42%
,"BROOKE, WV",1735,17%,58.3%
,"LINCOLN, WY",1466,7.9%,43.1%
,"BRAXTON, WV",1678,24.5%,63.5%
,"ASHLAND, WI",1665,10%,51.1%
,"MARATHON, WI",1621,5.4%,43%
,"CRAWFORD, WI",1733,11.1%,53.1%
,"KLICKITAT, WA",1394,10%,43%
,"BAYFIELD, WI",1734,9.5%,50%
,"BARBOUR, WV",1558,16.2%,65.1%
,"WASHBURN, WI",1678,11.2%,51.8%
,"POLK, WI",1635,9.4%,44.8%
,"KITSAP, WA",1303,4.1%,30.5%
,"ADAMS, WI",1784,13.3%,51.6%
,"FAYETTE, WV",1585,11%,55.8%
,"PARK, WY",1384,3.6%,30.3%
,"WAUSHARA, WI",1627,14.4%,55.9%
,"KITTITAS, WA",1421,6.8%,34.1%
,"SWEETWATER, WY",1370,10.8%,46.1%
,"GRANT, WV",1481,13.2%,59.1%
,"HARDY, WV",1518,10%,56.5%
,"RICHLAND, WI",1171,8.6%,46.2%
,"IOWA, WI",1286,9.7%,48.4%
,"BUFFALO, WI",1245,11.1%,48.4%
,"BURNETT, WI",1349,10%,49.7%
,"RITCHIE, WV",1247,18.1%,62.6%
,"UINTA, WY",920,7.8%,44.9%
,"MARQUETTE, WI",1290,12.2%,54.8%
,"MINGO, WV",1167,12.3%,59.1%
,"SPOKANE, WA",996,5.9%,39.6%
,"MASON, WV",904,10.5%,54.3%
,"PORTAGE, WI",826,8%,41.9%
,"MCDOWELL, WV",1192,10.4%,55%
,"CLAY, WV",1057,24.9%,49.5%
,"TYLER, WV",953,25%,66.2%
,"GREENBRIER, WV",1089,9%,52.6%
,"PACIFIC, WA",952,11.6%,46.2%
,"RUSK, WI",1018,15.3%,51.6%
,"WOOD, WI",913,10.6%,48.4%
,"GREEN LAKE, WI",860,13.3%,53.7%
,"WEBSTER, WV",918,15.8%,66%
,"BOONE, WV",850,11.4%,58.7%
,"LOGAN, WV",881,7.6%,56%
,"CLARK, WI",706,7.2%,44.3%
,"LINCOLN, WV",747,7.8%,52.5%
,"SKAMANIA, WA",765,10.8%,53.1%
,"PLEASANTS, WV",806,23%,69.5%
,"LAFAYETTE, WI",653,10.4%,50.5%
,"PENDLETON, WV",779,14.4%,62.4%
,"CARBON, WY",594,9.3%,43.8%
,"WYOMING, WV",851,6.1%,40.4%
,"ROANE, WV",798,13.5%,58.3%
,"DODDRIDGE, WV",727,24.9%,68.5%
,"LEWIS, WA",573,7.9%,36.6%
,"NATRONA, WY",585,7%,45.5%
,"WIRT, WV",798,20.7%,64.9%
,"BENTON, WA",628,6.5%,39.3%
,"ADAMS, WA",613,12.2%,56.8%
,"CAMPBELL, WY",652,6.3%,45.1%
,"SAN JUAN, WA",578,4.5%,28.9%
,"TUCKER, WV",676,10.5%,58%
,"FREMONT, WY",563,6.2%,45.5%
,"MONROE, WV",680,5.7%,45.6%
,"POCAHONTAS, WV",693,18%,43.3%
,"PEPIN, WI",560,12%,48.2%
,"GILMER, WV",592,15.7%,60%
,"CALHOUN, WV",604,12.4%,56.8%
,"MENOMINEE, WI",448,21.7%,58.5%
,"TETON, WY",483,-,17.4%
,"GOSHEN, WY",441,10.2%,53.7%
,"FLORENCE, WI",540,5.7%,48.7%
,"WHITMAN, WA",383,4.2%,28.2%
,"ONEIDA, WI",565,5.7%,43.4%
,"PLATTE, WY",387,10.1%,52.7%
,"LANGLADE, WI",531,9%,46.9%
,"CROOK, WY",404,5%,36.6%
,"SUMMERS, WV",423,7.6%,52%
,"WESTON, WY",348,10.6%,50.3%
,"PRICE, WI",494,4%,36%
,"MASON, WA",349,6.3%,35.5%
,"WAHKIAKUM, WA",371,18.1%,53.6%
,"CLALLAM, WA",337,6.5%,38.6%
,"GRAYS HARBOR, WA",381,10%,40.2%
,"BIG HORN, WY",284,-,37.3%
,"LINCOLN, WI",360,6.9%,43.6%
,"VILAS, WI",445,9.2%,46.3%
,"IRON, WI",301,8.3%,44.5%
,"FOREST, WI",336,8%,50.6%
,"SHERIDAN, WY",252,6.3%,31.7%
,"FRANKLIN, WA",206,8.7%,50%
,"TAYLOR, WI",229,5.7%,38.4%
,"SUBLETTE, WY",224,-,40.6%
,"WALLA WALLA, WA",209,-,36.4%
,"JEFFERSON, WA",196,-,28.1%
,"CONVERSE, WY",182,9.9%,46.7%
,"WASHAKIE, WY",132,-,31.1%
,"ASOTIN, WA",124,-,38.7%
,"LINCOLN, WA",105,15.2%,48.6%
,"FERRY, WA",108,-,33.3%
,"STEVENS, WA",97,-,42.3%
,"JOHNSON, WY",91,-,37.4%
,"HOT SPRINGS, WY",70,-,34.3%
,"NIOBRARA, WY",44,-,40.9%
,"PEND OREILLE, WA",39,-,38.5%
,"COLUMBIA, WA",12,-,-
,"GARFIELD, WA",11,-,-
,None of the above,59304,7.4%,34.5%
,Total,889293,12.1%,49%
65 or more,"KING, WA",155845,13.8%,32%
,"MILWAUKEE, WI",106936,21.9%,52.7%
,"DANE, WI",79591,13.6%,42.5%
,"BROWN, WI",64645,14.1%,52%
,"CLARK, WA",53397,11.1%,36.2%
,"WAUKESHA, WI",47450,13.5%,44.6%
,"SNOHOMISH, WA",42667,10.5%,31.8%
,"RACINE, WI",28911,17.7%,51.9%
,"BERKELEY, WV",25024,19.6%,55.3%
,"KENOSHA, WI",22782,20.2%,54%
,"ROCK, WI",23662,19.8%,53.6%
,"SHEBOYGAN, WI",28558,19.9%,56.9%
,"SKAGIT, WA",27794,15.1%,44%
,"WINNEBAGO, WI",18567,17.5%,52.2%
,"LA CROSSE, WI",19198,16.9%,53.2%
,"WALWORTH, WI",23334,18.1%,52.8%
,"WASHINGTON, WI",19304,15.5%,50.4%
,"MONONGALIA, WV",15281,15.7%,49.3%
,"OUTAGAMIE, WI",13617,11.7%,47.1%
,"LARAMIE, WY",19156,21.7%,49.7%
,"WOOD, WV",20121,26.7%,56.5%
,"KANAWHA, WV",23947,11.5%,43.8%
,"CHELAN, WA",20160,17.4%,46.4%
,"MANITOWOC, WI",19032,17.6%,55.1%
,"HARRISON, WV",17408,26.2%,57.9%
,"OZAUKEE, WI",17599,12.8%,44.1%
,"GRANT, WA",14871,21.1%,54.6%
,"PIERCE, WA",11029,9.2%,33.4%
,"JEFFERSON, WV",12281,17.3%,50%
,"MARION, WV",14091,20.5%,56%
,"MARINETTE, WI",16336,13.6%,54.7%
,"COWLITZ, WA",11951,11.2%,34.6%
,"EAU CLAIRE, WI",10855,13%,40.9%
,"FOND DU LAC, WI",9006,15.7%,52.2%
,"WHATCOM, WA",8673,12.4%,29.3%
,"OCONTO, WI",11896,14.7%,55.6%
,"DODGE, WI",10866,17.5%,53.3%
,"OHIO, WV",12000,19%,46.8%
,"MERCER, WV",11767,14%,44%
,"DOUGLAS, WA",9371,20.4%,51.1%
,"DOUGLAS, WI",9152,16.5%,52.7%
,"CABELL, WV",6011,10.5%,35.4%
,"JEFFERSON, WI",10082,14.6%,50.1%
,"CHIPPEWA, WI",9893,12.8%,46.1%
,"OKANOGAN, WA",11295,17.2%,45%
,"ISLAND, WA",11627,10.2%,37.6%
,"MONROE, WI",6776,18.2%,55.3%
,"COLUMBIA, WI",7509,14.4%,49%
,"YAKIMA, WA",4745,13.8%,34.8%
,"JACKSON, WV",7103,21.3%,52.2%
,"MARSHALL, WV",7533,24.4%,54.2%
,"SHAWANO, WI",6287,13.8%,55.2%
,"DOOR, WI",10500,9.8%,43.8%
,"VERNON, WI",6986,14%,53.4%
,"TREMPEALEAU, WI",4879,16.7%,53.5%
,"PRESTON, WV",6488,16.2%,51.9%
,"UPSHUR, WV",6103,26%,54.5%
,"ALBANY, WY",5161,16.3%,40.6%
,"KEWAUNEE, WI",5833,14.7%,55.5%
,"MINERAL, WV",6132,21.5%,52.4%
,"SAUK, WI",6555,8.8%,42.3%
,"GRANT, WI",6248,12.1%,48.8%
,"CALUMET, WI",4012,11.7%,50.5%
,"PUTNAM, WV",5229,9.6%,42.4%
,"NICHOLAS, WV",6586,23.1%,50.7%
,"HAMPSHIRE, WV",5183,12.9%,42.7%
,"GREEN, WI",3980,15.1%,48.5%
,"JUNEAU, WI",5096,12.6%,47.5%
,"WAYNE, WV",2742,14.6%,37.1%
,"RANDOLPH, WV",5446,12.3%,50.2%
,"SAINT CROIX, WI",4422,9.3%,42.1%
,"LEWIS, WV",3956,24.2%,53.2%
,"WETZEL, WV",4086,28.2%,56.4%
,"THURSTON, WA",3212,5.9%,24.8%
,"WAUPACA, WI",3051,12%,53%
,"MORGAN, WV",4297,16.2%,46.3%
,"SAWYER, WI",4877,16.5%,47.4%
,"JACKSON, WI",3783,8.9%,40.9%
,"BARRON, WI",3871,7.3%,41%
,"PIERCE, WI",3942,9.2%,52.1%
,"HANCOCK, WV",4465,10.2%,41.1%
,"RALEIGH, WV",4403,9.7%,44.8%
,"TAYLOR, WV",3245,21.5%,55.4%
,"DUNN, WI",2444,9.6%,40.1%
,"BROOKE, WV",4313,17.5%,46.1%
,"LINCOLN, WY",3496,13.4%,41.5%
,"BRAXTON, WV",3653,26.4%,51.4%
,"ASHLAND, WI",3292,15.4%,48.2%
,"MARATHON, WI",1989,6.8%,35.4%
,"CRAWFORD, WI",3821,14.1%,50.1%
,"KLICKITAT, WA",3576,8.8%,37.1%
,"BAYFIELD, WI",4372,14.6%,46.2%
,"BARBOUR, WV",3285,18.7%,54.1%
,"WASHBURN, WI",4042,14.6%,49.1%
,"POLK, WI",3535,11%,39%
,"KITSAP, WA",2629,5.6%,28.3%
,"ADAMS, WI",3744,15.1%,48.7%
,"FAYETTE, WV",3576,12.6%,47.5%
,"PARK, WY",3466,5.6%,30.2%
,"WAUSHARA, WI",3059,19.3%,52.5%
,"KITTITAS, WA",2973,10%,33.9%
,"SWEETWATER, WY",3273,10.6%,42.2%
,"GRANT, WV",3054,19.3%,47.8%
,"HARDY, WV",2842,15.2%,47.9%
,"RICHLAND, WI",3255,8.8%,42.9%
,"IOWA, WI",2326,10.1%,42.9%
,"BUFFALO, WI",2401,13.5%,48.1%
,"BURNETT, WI",3512,12.3%,46.8%
,"RITCHIE, WV",2495,24.9%,58.9%
,"UINTA, WY",2133,9.7%,40.8%
,"MARQUETTE, WI",2801,15.6%,50.8%
,"MINGO, WV",2544,13%,46.1%
,"SPOKANE, WA",2032,9.4%,33.1%
,"MASON, WV",1615,13.1%,44.3%
,"PORTAGE, WI",1460,8%,35.5%
,"MCDOWELL, WV",2465,12.4%,44.3%
,"CLAY, WV",2100,30%,40.8%
,"TYLER, WV",2053,29.1%,58.1%
,"GREENBRIER, WV",2506,9.6%,40.8%
,"PACIFIC, WA",3078,8.1%,33.1%
,"RUSK, WI",2072,14.3%,45.9%
,"WOOD, WI",1544,10.6%,37.7%
,"GREEN LAKE, WI",1645,14.2%,52.9%
,"WEBSTER, WV",2113,17.5%,53.1%
,"BOONE, WV",1986,10.3%,49.5%
,"LOGAN, WV",1900,8.8%,46.9%
,"CLARK, WI",1742,8.4%,41.8%
,"LINCOLN, WV",1369,11.9%,44.9%
,"SKAMANIA, WA",1585,11.2%,42.6%
,"PLEASANTS, WV",1612,28.4%,61.5%
,"LAFAYETTE, WI",1521,10.4%,49.4%
,"PENDLETON, WV",2049,17.4%,50.6%
,"CARBON, WY",1530,10.1%,39.9%
,"WYOMING, WV",1790,6.9%,30.7%
,"ROANE, WV",1769,16.8%,46.5%
,"DODDRIDGE, WV",1408,28.7%,58.2%
,"LEWIS, WA",1325,7.5%,31.6%
,"NATRONA, WY",1283,7.7%,40.1%
,"WIRT, WV",1440,26.7%,59.5%
,"BENTON, WA",1311,7.2%,37.5%
,"ADAMS, WA",1166,15.3%,51.5%
,"CAMPBELL, WY",1356,9.1%,41.5%
,"SAN JUAN, WA",2178,3.6%,21.5%
,"TUCKER, WV",1619,12.7%,47.6%
,"FREMONT, WY",1381,7.2%,33.7%
,"MONROE, WV",1302,6.9%,36.5%
,"POCAHONTAS, WV",1550,19.8%,37.8%
,"PEPIN, WI",1358,17.6%,43.7%
,"GILMER, WV",1155,19.2%,50%
,"CALHOUN, WV",1238,18.1%,48.1%
,"MENOMINEE, WI",683,23.1%,52.4%
,"TETON, WY",1265,2.2%,16.8%
,"GOSHEN, WY",1533,12.1%,45.6%
,"FLORENCE, WI",1350,7%,44.4%
,"WHITMAN, WA",849,4.6%,22.9%
,"ONEIDA, WI",1203,8%,38.5%
,"PLATTE, WY",1409,11.7%,44.6%
,"LANGLADE, WI",880,11.1%,43.3%
,"CROOK, WY",1024,7.8%,37%
,"SUMMERS, WV",1090,8.9%,40.6%
,"WESTON, WY",852,15%,42.4%
,"PRICE, WI",627,5.4%,31.4%
,"MASON, WA",781,9.7%,34.3%
,"WAHKIAKUM, WA",848,14.2%,40.8%
,"CLALLAM, WA",1039,6.9%,33.7%
,"GRAYS HARBOR, WA",813,13.4%,41%
,"BIG HORN, WY",782,5.4%,29.4%
,"LINCOLN, WI",590,8.6%,39.7%
,"VILAS, WI",992,9%,42.1%
,"IRON, WI",717,10.6%,38.9%
,"FOREST, WI",736,7.9%,43.5%
,"SHERIDAN, WY",693,4.9%,28.9%
,"FRANKLIN, WA",369,10%,35%
,"TAYLOR, WI",450,7.6%,39.1%
,"SUBLETTE, WY",599,5.8%,32.7%
,"WALLA WALLA, WA",597,5%,27.8%
,"JEFFERSON, WA",694,4.5%,26.1%
,"CONVERSE, WY",364,7.4%,42.6%
,"WASHAKIE, WY",465,3.2%,24.3%
,"ASOTIN, WA",284,8.1%,32.7%
,"LINCOLN, WA",273,11.7%,42.1%
,"FERRY, WA",289,9.7%,38.8%
,"STEVENS, WA",233,6.4%,32.2%
,"JOHNSON, WY",216,-,29.2%
,"HOT SPRINGS, WY",227,4.8%,31.3%
,"NIOBRARA, WY",133,9.8%,40.6%
,"PEND OREILLE, WA",72,-,33.3%
,"COLUMBIA, WA",34,-,35.3%
,"GARFIELD, WA",29,-,-
,None of the above,95396,9.5%,30.5%
,Total,1649748,15.2%,45%
No value,"KING, WA",10 or fewer,-,-
,"MILWAUKEE, WI",10 or fewer,-,-
,"DANE, WI",10 or fewer,-,-
,"BROWN, WI",10 or fewer,-,-
,"CLARK, WA",10 or fewer,-,-
,"WAUKESHA, WI",10 or fewer,-,-
,"SNOHOMISH, WA",10 or fewer,-,-
,"RACINE, WI",10 or fewer,-,-
,"BERKELEY, WV",10 or fewer,-,-
,"KENOSHA, WI",10 or fewer,-,-
,"ROCK, WI",10 or fewer,-,-
,"SHEBOYGAN, WI",10 or fewer,-,-
,"SKAGIT, WA",10 or fewer,-,-
,"WINNEBAGO, WI",10 or fewer,-,-
,"LA CROSSE, WI",10 or fewer,-,-
,"WALWORTH, WI",10 or fewer,-,-
,"WASHINGTON, WI",10 or fewer,-,-
,"MONONGALIA, WV",10 or fewer,-,-
,"OUTAGAMIE, WI",10 or fewer,-,-
,"LARAMIE, WY",10 or fewer,-,-
,"WOOD, WV",10 or fewer,-,-
,"KANAWHA, WV",10 or fewer,-,-
,"CHELAN, WA",10 or fewer,-,-
,"MANITOWOC, WI",10 or fewer,-,-
,"HARRISON, WV",10 or fewer,-,-
,"OZAUKEE, WI",10 or fewer,-,-
,"GRANT, WA",10 or fewer,-,-
,"PIERCE, WA",10 or fewer,-,-
,"JEFFERSON, WV",10 or fewer,-,-
,"MARION, WV",10 or fewer,-,-
,"MARINETTE, WI",10 or fewer,-,-
,"COWLITZ, WA",10 or fewer,-,-
,"EAU CLAIRE, WI",10 or fewer,-,-
,"FOND DU LAC, WI",10 or fewer,-,-
,"WHATCOM, WA",10 or fewer,-,-
,"OCONTO, WI",10 or fewer,-,-
,"DODGE, WI",10 or fewer,-,-
,"OHIO, WV",10 or fewer,-,-
,"MERCER, WV",10 or fewer,-,-
,"DOUGLAS, WA",10 or fewer,-,-
,"DOUGLAS, WI",10 or fewer,-,-
,"CABELL, WV",10 or fewer,-,-
,"JEFFERSON, WI",10 or fewer,-,-
,"CHIPPEWA, WI",10 or fewer,-,-
,"OKANOGAN, WA",10 or fewer,-,-
,"ISLAND, WA",10 or fewer,-,-
,"MONROE, WI",10 or fewer,-,-
,"COLUMBIA, WI",10 or fewer,-,-
,"YAKIMA, WA",10 or fewer,-,-
,"JACKSON, WV",10 or fewer,-,-
,"MARSHALL, WV",10 or fewer,-,-
,"SHAWANO, WI",10 or fewer,-,-
,"DOOR, WI",10 or fewer,-,-
,"VERNON, WI",10 or fewer,-,-
,"TREMPEALEAU, WI",10 or fewer,-,-
,"PRESTON, WV",10 or fewer,-,-
,"UPSHUR, WV",10 or fewer,-,-
,"ALBANY, WY",10 or fewer,-,-
,"KEWAUNEE, WI",10 or fewer,-,-
,"MINERAL, WV",10 or fewer,-,-
,"SAUK, WI",10 or fewer,-,-
,"GRANT, WI",10 or fewer,-,-
,"CALUMET, WI",10 or fewer,-,-
,"PUTNAM, WV",10 or fewer,-,-
,"NICHOLAS, WV",10 or fewer,-,-
,"HAMPSHIRE, WV",10 or fewer,-,-
,"GREEN, WI",10 or fewer,-,-
,"JUNEAU, WI",10 or fewer,-,-
,"WAYNE, WV",10 or fewer,-,-
,"RANDOLPH, WV",10 or fewer,-,-
,"SAINT CROIX, WI",10 or fewer,-,-
,"LEWIS, WV",10 or fewer,-,-
,"WETZEL, WV",10 or fewer,-,-
,"THURSTON, WA",10 or fewer,-,-
,"WAUPACA, WI",10 or fewer,-,-
,"MORGAN, WV",10 or fewer,-,-
,"SAWYER, WI",10 or fewer,-,-
,"JACKSON, WI",10 or fewer,-,-
,"BARRON, WI",10 or fewer,-,-
,"PIERCE, WI",10 or fewer,-,-
,"HANCOCK, WV",10 or fewer,-,-
,"RALEIGH, WV",10 or fewer,-,-
,"TAYLOR, WV",10 or fewer,-,-
,"DUNN, WI",10 or fewer,-,-
,"BROOKE, WV",10 or fewer,-,-
,"LINCOLN, WY",10 or fewer,-,-
,"BRAXTON, WV",10 or fewer,-,-
,"ASHLAND, WI",10 or fewer,-,-
,"MARATHON, WI",10 or fewer,-,-
,"CRAWFORD, WI",10 or fewer,-,-
,"KLICKITAT, WA",10 or fewer,-,-
,"BAYFIELD, WI",10 or fewer,-,-
,"BARBOUR, WV",10 or fewer,-,-
,"WASHBURN, WI",10 or fewer,-,-
,"POLK, WI",10 or fewer,-,-
,"KITSAP, WA",10 or fewer,-,-
,"ADAMS, WI",10 or fewer,-,-
,"FAYETTE, WV",10 or fewer,-,-
,"PARK, WY",10 or fewer,-,-
,"WAUSHARA, WI",10 or fewer,-,-
,"KITTITAS, WA",10 or fewer,-,-
,"SWEETWATER, WY",10 or fewer,-,-
,"GRANT, WV",10 or fewer,-,-
,"HARDY, WV",10 or fewer,-,-
,"RICHLAND, WI",10 or fewer,-,-
,"IOWA, WI",10 or fewer,-,-
,"BUFFALO, WI",10 or fewer,-,-
,"BURNETT, WI",10 or fewer,-,-
,"RITCHIE, WV",10 or fewer,-,-
,"UINTA, WY",10 or fewer,-,-
,"MARQUETTE, WI",10 or fewer,-,-
,"MINGO, WV",10 or fewer,-,-
,"SPOKANE, WA",10 or fewer,-,-
,"MASON, WV",10 or fewer,-,-
,"PORTAGE, WI",10 or fewer,-,-
,"MCDOWELL, WV",10 or fewer,-,-
,"CLAY, WV",10 or fewer,-,-
,"TYLER, WV",10 or fewer,-,-
,"GREENBRIER, WV",10 or fewer,-,-
,"PACIFIC, WA",10 or fewer,-,-
,"RUSK, WI",10 or fewer,-,-
,"WOOD, WI",10 or fewer,-,-
,"GREEN LAKE, WI",10 or fewer,-,-
,"WEBSTER, WV",10 or fewer,-,-
,"BOONE, WV",10 or fewer,-,-
,"LOGAN, WV",10 or fewer,-,-
,"CLARK, WI",10 or fewer,-,-
,"LINCOLN, WV",10 or fewer,-,-
,"SKAMANIA, WA",10 or fewer,-,-
,"PLEASANTS, WV",10 or fewer,-,-
,"LAFAYETTE, WI",10 or fewer,-,-
,"PENDLETON, WV",10 or fewer,-,-
,"CARBON, WY",10 or fewer,-,-
,"WYOMING, WV",10 or fewer,-,-
,"ROANE, WV",10 or fewer,-,-
,"DODDRIDGE, WV",10 or fewer,-,-
,"LEWIS, WA",10 or fewer,-,-
,"NATRONA, WY",10 or fewer,-,-
,"WIRT, WV",10 or fewer,-,-
,"BENTON, WA",10 or fewer,-,-
,"ADAMS, WA",10 or fewer,-,-
,"CAMPBELL, WY",10 or fewer,-,-
,"SAN JUAN, WA",10 or fewer,-,-
,"TUCKER, WV",10 or fewer,-,-
,"FREMONT, WY",10 or fewer,-,-
,"MONROE, WV",10 or fewer,-,-
,"POCAHONTAS, WV",10 or fewer,-,-
,"PEPIN, WI",10 or fewer,-,-
,"GILMER, WV",10 or fewer,-,-
,"CALHOUN, WV",10 or fewer,-,-
,"MENOMINEE, WI",10 or fewer,-,-
,"TETON, WY",10 or fewer,-,-
,"GOSHEN, WY",10 or fewer,-,-
,"FLORENCE, WI",10 or fewer,-,-
,"WHITMAN, WA",10 or fewer,-,-
,"ONEIDA, WI",10 or fewer,-,-
,"PLATTE, WY",10 or fewer,-,-
,"LANGLADE, WI",10 or fewer,-,-
,"CROOK, WY",10 or fewer,-,-
,"SUMMERS, WV",10 or fewer,-,-
,"WESTON, WY",10 or fewer,-,-
,"PRICE, WI",10 or fewer,-,-
,"MASON, WA",10 or fewer,-,-
,"WAHKIAKUM, WA",10 or fewer,-,-
,"CLALLAM, WA",10 or fewer,-,-
,"GRAYS HARBOR, WA",10 or fewer,-,-
,"BIG HORN, WY",10 or fewer,-,-
,"LINCOLN, WI",10 or fewer,-,-
,"VILAS, WI",10 or fewer,-,-
,"IRON, WI",10 or fewer,-,-
,"FOREST, WI",10 or fewer,-,-
,"SHERIDAN, WY",10 or fewer,-,-
,"FRANKLIN, WA",10 or fewer,-,-
,"TAYLOR, WI",10 or fewer,-,-
,"SUBLETTE, WY",10 or fewer,-,-
,"WALLA WALLA, WA",10 or fewer,-,-
,"JEFFERSON, WA",10 or fewer,-,-
,"CONVERSE, WY",10 or fewer,-,-
,"WASHAKIE, WY",10 or fewer,-,-
,"ASOTIN, WA",10 or fewer,-,-
,"LINCOLN, WA",10 or fewer,-,-
,"FERRY, WA",10 or fewer,-,-
,"STEVENS, WA",10 or fewer,-,-
,"JOHNSON, WY",10 or fewer,-,-
,"HOT SPRINGS, WY",10 or fewer,-,-
,"NIOBRARA, WY",10 or fewer,-,-
,"PEND OREILLE, WA",10 or fewer,-,-
,"COLUMBIA, WA",10 or fewer,-,-
,"GARFIELD, WA",10 or fewer,-,-
,None of the above,10 or fewer,-,-
,Total,17,-,-
Total,"KING, WA",784638,5.6%,25.4%
,"MILWAUKEE, WI",646773,7.9%,37.2%
,"DANE, WI",428024,5.4%,28.9%
,"BROWN, WI",308271,5.8%,37.6%
,"CLARK, WA",243211,4.5%,25.7%
,"WAUKESHA, WI",215719,5.2%,29.4%
,"SNOHOMISH, WA",184742,4.9%,29.6%
,"RACINE, WI",129479,7.8%,40.6%
,"BERKELEY, WV",125222,8.2%,45.7%
,"KENOSHA, WI",118473,8%,40.2%
,"ROCK, WI",111698,8.6%,40.7%
,"SHEBOYGAN, WI",111019,9.1%,43.2%
,"SKAGIT, WA",97712,7.5%,39.1%
,"WINNEBAGO, WI",90192,7%,39.6%
,"LA CROSSE, WI",87078,6.5%,36.2%
,"WALWORTH, WI",84239,8.6%,42.5%
,"WASHINGTON, WI",83160,6.1%,34.9%
,"MONONGALIA, WV",80537,6.2%,38.7%
,"OUTAGAMIE, WI",79369,4.7%,34.5%
,"LARAMIE, WY",78053,9.2%,38.9%
,"WOOD, WV",73663,13.3%,49.5%
,"KANAWHA, WV",72700,6.6%,40%
,"CHELAN, WA",72007,8.2%,36.8%
,"MANITOWOC, WI",70215,8.6%,44.4%
,"HARRISON, WV",67909,12.2%,48.1%
,"OZAUKEE, WI",67450,5.4%,30.4%
,"GRANT, WA",60250,9%,42.8%
,"PIERCE, WA",57197,4.3%,29.9%
,"JEFFERSON, WV",54434,7.7%,42.3%
,"MARION, WV",54050,9.9%,47.8%
,"MARINETTE, WI",51369,7.3%,44.9%
,"COWLITZ, WA",50480,6.9%,33.6%
,"EAU CLAIRE, WI",46805,5.5%,33.6%
,"FOND DU LAC, WI",42951,6.8%,39.8%
,"WHATCOM, WA",42072,5.4%,25.7%
,"OCONTO, WI",41336,7.1%,43.9%
,"DODGE, WI",40875,8.5%,40.5%
,"OHIO, WV",39974,9.8%,42.4%
,"MERCER, WV",39305,7.3%,42.3%
,"DOUGLAS, WA",37566,8.6%,39%
,"DOUGLAS, WI",36585,7.3%,41.7%
,"CABELL, WV",36527,3.9%,33.9%
,"JEFFERSON, WI",36379,7.6%,39.5%
,"CHIPPEWA, WI",36023,6.2%,39%
,"OKANOGAN, WA",34360,8.8%,36.7%
,"ISLAND, WA",29784,6.5%,36.4%
,"MONROE, WI",29306,7.9%,39.3%
,"COLUMBIA, WI",28865,7.5%,37.8%
,"YAKIMA, WA",26432,5.3%,23.7%
,"JACKSON, WV",26230,10.5%,47.5%
,"MARSHALL, WV",26033,12.3%,47.9%
,"SHAWANO, WI",23662,7.1%,43.5%
,"DOOR, WI",23629,6.8%,40.1%
,"VERNON, WI",22625,6.9%,39%
,"TREMPEALEAU, WI",22529,6.9%,37.9%
,"PRESTON, WV",22463,8.5%,45.5%
,"UPSHUR, WV",22441,12.9%,46.8%
,"ALBANY, WY",21848,6.3%,29.2%
,"KEWAUNEE, WI",21447,6.6%,42.4%
,"MINERAL, WV",20635,11%,46.8%
,"SAUK, WI",20535,5.6%,34.6%
,"GRANT, WI",20281,6.6%,39.8%
,"CALUMET, WI",20270,5.3%,37.8%
,"PUTNAM, WV",20053,4.4%,35.9%
,"NICHOLAS, WV",20030,12.9%,47.6%
,"HAMPSHIRE, WV",16403,7.2%,40.7%
,"GREEN, WI",15522,7.3%,35.7%
,"JUNEAU, WI",15461,7.5%,39.6%
,"WAYNE, WV",15417,5.6%,35.1%
,"RANDOLPH, WV",15096,8.4%,47.9%
,"SAINT CROIX, WI",14622,5.2%,34.3%
,"LEWIS, WV",14417,13.8%,48.2%
,"WETZEL, WV",14292,15.1%,50.6%
,"THURSTON, WA",13866,2.7%,19.4%
,"WAUPACA, WI",13631,5.7%,39%
,"MORGAN, WV",13514,9.2%,43.9%
,"SAWYER, WI",13084,9.4%,39.1%
,"JACKSON, WI",12684,5.6%,33.5%
,"BARRON, WI",12626,4.3%,34.7%
,"PIERCE, WI",12554,5.3%,41.2%
,"HANCOCK, WV",12381,6.3%,38.4%
,"RALEIGH, WV",11841,6.7%,42.6%
,"TAYLOR, WV",11817,10.8%,50.1%
,"DUNN, WI",11800,4.2%,32%
,"BROOKE, WV",11668,11%,43.9%
,"LINCOLN, WY",11643,6%,31.9%
,"BRAXTON, WV",11551,14.8%,48.3%
,"ASHLAND, WI",11548,7.6%,38.7%
,"MARATHON, WI",11349,2.8%,29.2%
,"CRAWFORD, WI",11240,7.8%,40.6%
,"KLICKITAT, WA",11213,5.8%,31.2%
,"BAYFIELD, WI",10971,8.6%,40%
,"BARBOUR, WV",10675,10.5%,50%
,"WASHBURN, WI",10670,8.7%,42.8%
,"POLK, WI",10613,6.4%,34%
,"KITSAP, WA",10437,2.6%,23.4%
,"ADAMS, WI",10385,9.7%,42.4%
,"FAYETTE, WV",10355,8.2%,43.6%
,"PARK, WY",10126,3.2%,25.5%
,"WAUSHARA, WI",9859,10.3%,43.2%
,"KITTITAS, WA",9607,5.4%,28%
,"SWEETWATER, WY",9448,6.9%,36%
,"GRANT, WV",9089,10.4%,46.1%
,"HARDY, WV",8771,8%,45.5%
,"RICHLAND, WI",8663,5.8%,35.7%
,"IOWA, WI",8398,5.7%,35.1%
,"BUFFALO, WI",8208,7%,38.5%
,"BURNETT, WI",8128,8.1%,42.4%
,"RITCHIE, WV",7980,13%,51.4%
,"UINTA, WY",7830,4.8%,29.9%
,"MARQUETTE, WI",7754,9.6%,44%
,"MINGO, WV",7537,8.3%,47.4%
,"SPOKANE, WA",7453,4.4%,28.2%
,"MASON, WV",6947,5.8%,40.2%
,"PORTAGE, WI",6947,4.3%,26.2%
,"MCDOWELL, WV",6772,8.1%,45.4%
,"CLAY, WV",6648,17.1%,38.5%
,"TYLER, WV",6466,16.1%,52.1%
,"GREENBRIER, WV",6446,6.6%,40%
,"PACIFIC, WA",6391,7.1%,33.7%
,"RUSK, WI",6382,8.8%,39.6%
,"WOOD, WI",6382,5.6%,31.9%
,"GREEN LAKE, WI",6193,7.8%,40.4%
,"WEBSTER, WV",5832,11.2%,52.2%
,"BOONE, WV",5782,6.9%,44.3%
,"LOGAN, WV",5776,5.5%,43%
,"CLARK, WI",5506,4.6%,34.8%
,"LINCOLN, WV",5460,5.8%,39.6%
,"SKAMANIA, WA",5292,6.1%,38.3%
,"PLEASANTS, WV",5274,15.4%,54.1%
,"LAFAYETTE, WI",5166,5.4%,33.6%
,"PENDLETON, WV",5028,10.8%,48.1%
,"CARBON, WY",4925,5.4%,34%
,"WYOMING, WV",4920,4.5%,30%
,"ROANE, WV",4880,10.5%,45.7%
,"DODDRIDGE, WV",4855,15%,51.6%
,"LEWIS, WA",4792,4.3%,28.5%
,"NATRONA, WY",4710,4.5%,30.4%
,"WIRT, WV",4694,14.1%,52.8%
,"BENTON, WA",4429,4.2%,32.3%
,"ADAMS, WA",4417,6.9%,39.9%
,"CAMPBELL, WY",4289,5.7%,34.1%
,"SAN JUAN, WA",4121,3.1%,22.4%
,"TUCKER, WV",4120,8.3%,46.2%
,"FREMONT, WY",4102,4.8%,30.5%
,"MONROE, WV",3945,4.1%,36.1%
,"POCAHONTAS, WV",3911,13.6%,35.7%
,"PEPIN, WI",3818,10%,39.1%
,"GILMER, WV",3728,10.7%,47.1%
,"CALHOUN, WV",3575,10.7%,48.5%
,"MENOMINEE, WI",3512,11.2%,41.3%
,"TETON, WY",3349,1.6%,14.9%
,"GOSHEN, WY",3192,8.8%,41.7%
,"FLORENCE, WI",3155,4.7%,40.4%
,"WHITMAN, WA",3143,2.3%,21.1%
,"ONEIDA, WI",3017,5.1%,33.5%
,"PLATTE, WY",2938,8.3%,39.8%
,"LANGLADE, WI",2814,6.3%,36%
,"CROOK, WY",2757,4.5%,29.4%
,"SUMMERS, WV",2630,5.8%,41.4%
,"WESTON, WY",2603,7.2%,33%
,"PRICE, WI",2478,2.9%,29.8%
,"MASON, WA",2356,5%,26.6%
,"WAHKIAKUM, WA",2323,10.2%,40.5%
,"CLALLAM, WA",2321,4.7%,30%
,"GRAYS HARBOR, WA",2249,8%,34.3%
,"BIG HORN, WY",2226,2.9%,27%
,"LINCOLN, WI",2210,4.4%,31.9%
,"VILAS, WI",2187,6.6%,38%
,"IRON, WI",2062,6.5%,35.2%
,"FOREST, WI",2040,6.1%,37.2%
,"SHERIDAN, WY",2015,3.3%,24%
,"FRANKLIN, WA",1557,5.2%,32.9%
,"TAYLOR, WI",1534,4.1%,32.9%
,"SUBLETTE, WY",1471,4.1%,29.8%
,"WALLA WALLA, WA",1420,4%,27.3%
,"JEFFERSON, WA",1285,3%,24%
,"CONVERSE, WY",1138,4.9%,34.8%
,"WASHAKIE, WY",1054,2.4%,23.6%
,"ASOTIN, WA",762,4.9%,29.5%
,"LINCOLN, WA",741,7.8%,39.9%
,"FERRY, WA",615,7%,32%
,"STEVENS, WA",592,4.4%,31.3%
,"JOHNSON, WY",576,2.1%,24.1%
,"HOT SPRINGS, WY",514,3.3%,26.7%
,"NIOBRARA, WY",312,7.1%,35.9%
,"PEND OREILLE, WA",198,-,28.3%
,"COLUMBIA, WA",78,-,30.8%
,"GARFIELD, WA",67,-,22.4%
,None of the above,424875,4.3%,25%
,Total,7052673,6.8%,35.1%
